state_cor,city_cor
강원도,속초시
강원도,속초시
강원도,속초시
강원도,속초시
강원도,속초시
강원도,속초시
강원도,속초시
강원도,속초시
강원도,속초시
강원도,속초시
강원도,속초시
강원도,속초시
강원도,속초시
강원도,속초시
강원도,속초시
강원도,속초시
강원도,속초시
강원도,속초시
강원도,속초시
강원도,속초시
강원도,속초시
강원도,속초시
강원도,속초시
강원도,속초시
강원도,속초시
강원도,속초시
강원도,속초시
강원도,속초시
강원도,속초시
강원도,속초시
강원도,속초시
강원도,속초시
강원도,속초시
강원도,속초시
강원도,속초시
강원도,속초시
강원도,속초시
강원도,속초시
강원도,속초시
강원도,속초시
강원도,속초시
강원도,속초시
강원도,속초시
강원도,속초시
강원도,속초시
강원도,속초시
강원도,속초시
강원도,속초시
강원도,속초시
강원도,속초시
강원도,속초시
강원도,속초시
강원도,속초시
강원도,속초시
강원도,속초시
강원도,속초시
강원도,속초시
강원도,속초시
강원도,속초시
강원도,속초시
강원도,속초시
강원도,속초시
강원도,속초시
강원도,고성군
강원도,고성군
강원도,고성군
강원도,속초시
강원도,속초시
강원도,속초시
강원도,속초시
강원도,속초시
강원도,속초시
강원도,속초시
강원도,속초시
강원도,속초시
강원도,속초시
강원도,속초시
강원도,속초시
강원도,속초시
강원도,속초시
강원도,속초시
강원도,속초시
강원도,속초시
강원도,속초시
강원도,속초시
강원도,속초시
강원도,속초시
강원도,속초시
강원도,속초시
강원도,속초시
강원도,대한민국
강원도,속초시
강원도,속초시
강원도,속초시
강원도,속초시
강원도,속초시
강원도,속초시
강원도,속초시
강원도,속초시
강원도,속초시
강원도,속초시
강원도,속초시
강원도,속초시
강원도,속초시
강원도,속초시
강원도,속초시
강원도,속초시
강원도,속초시
강원도,속초시
강원도,속초시
강원도,속초시
강원도,속초시
강원도,속초시
강원도,속초시
강원도,속초시
강원도,속초시
강원도,속초시
강원도,속초시
강원도,속초시
강원도,속초시
강원도,속초시
강원도,속초시
강원도,속초시
강원도,속초시
강원도,속초시
강원도,속초시
강원도,속초시
강원도,속초시
강원도,속초시
강원도,속초시
강원도,속초시
강원도,속초시
강원도,속초시
강원도,속초시
강원도,속초시
강원도,속초시
강원도,속초시
강원도,속초시
강원도,속초시
강원도,속초시
강원도,속초시
강원도,속초시
강원도,속초시
강원도,속초시
강원도,속초시
강원도,속초시
강원도,속초시
강원도,속초시
강원도,속초시
강원도,속초시
강원도,속초시
강원도,속초시
강원도,속초시
강원도,속초시
강원도,속초시
강원도,속초시
강원도,속초시
강원도,속초시
강원도,속초시
강원도,속초시
강원도,양양군
강원도,속초시
강원도,속초시
강원도,속초시
강원도,속초시
강원도,속초시
강원도,속초시
강원도,속초시
강원도,속초시
강원도,속초시
강원도,속초시
강원도,속초시
강원도,속초시
강원도,속초시
강원도,속초시
강원도,속초시
강원도,속초시
강원도,속초시
강원도,속초시
강원도,속초시
강원도,속초시
강원도,속초시
강원도,속초시
강원도,속초시
강원도,속초시
강원도,속초시
강원도,속초시
강원도,고성군
강원도,속초시
강원도,속초시
강원도,속초시
강원도,속초시
강원도,속초시
강원도,속초시
강원도,속초시
강원도,고성군
강원도,속초시
강원도,속초시
강원도,속초시
강원도,속초시
강원도,속초시
강원도,고성군
강원도,속초시
강원도,속초시
강원도,고성군
강원도,속초시
강원도,속초시
강원도,속초시
강원도,속초시
강원도,속초시
강원도,속초시
강원도,속초시
강원도,속초시
강원도,속초시
강원도,속초시
강원도,속초시
강원도,속초시
강원도,속초시
강원도,속초시
강원도,속초시
강원도,속초시
강원도,속초시
강원도,속초시
강원도,속초시
강원도,속초시
강원도,속초시
강원도,속초시
강원도,속초시
강원도,속초시
강원도,속초시
강원도,속초시
강원도,속초시
강원도,속초시
강원도,속초시
강원도,속초시
강원도,속초시
강원도,속초시
강원도,속초시
강원도,속초시
강원도,속초시
강원도,속초시
강원도,속초시
강원도,속초시
강원도,속초시
강원도,속초시
강원도,속초시
강원도,속초시
강원도,속초시
강원도,속초시
강원도,속초시
강원도,속초시
강원도,속초시
강원도,속초시
강원도,속초시
강원도,속초시
강원도,속초시
강원도,속초시
강원도,속초시
강원도,고성군
강원도,속초시
강원도,속초시
강원도,속초시
강원도,속초시
강원도,속초시
강원도,속초시
강원도,속초시
강원도,속초시
강원도,속초시
강원도,속초시
강원도,속초시
강원도,속초시
강원도,속초시
강원도,속초시
강원도,속초시
강원도,속초시
강원도,속초시
강원도,속초시
강원도,속초시
강원도,속초시
강원도,속초시
강원도,속초시
강원도,속초시
강원도,속초시
강원도,속초시
강원도,속초시
강원도,속초시
강원도,속초시
강원도,속초시
강원도,속초시
강원도,속초시
강원도,속초시
강원도,속초시
강원도,속초시
강원도,속초시
강원도,속초시
강원도,속초시
강원도,속초시
강원도,속초시
강원도,속초시
강원도,속초시
강원도,속초시
강원도,속초시
강원도,속초시
강원도,속초시
강원도,속초시
강원도,속초시
강원도,속초시
강원도,속초시
강원도,속초시
강원도,속초시
강원도,속초시
강원도,속초시
강원도,속초시
강원도,속초시
강원도,속초시
강원도,속초시
강원도,속초시
강원도,속초시
강원도,속초시
강원도,속초시
강원도,속초시
강원도,속초시
강원도,속초시
강원도,속초시
강원도,속초시
강원도,속초시
강원도,속초시
강원도,속초시
강원도,속초시
강원도,대한민국
강원도,속초시
강원도,속초시
강원도,속초시
강원도,속초시
강원도,속초시
강원도,속초시
강원도,속초시
강원도,속초시
강원도,속초시
강원도,속초시
강원도,속초시
강원도,속초시
강원도,속초시
강원도,속초시
강원도,속초시
강원도,속초시
강원도,속초시
강원도,속초시
강원도,속초시
강원도,속초시
강원도,속초시
강원도,속초시
강원도,속초시
강원도,속초시
강원도,속초시
강원도,속초시
강원도,속초시
강원도,속초시
강원도,속초시
강원도,속초시
강원도,속초시
강원도,속초시
강원도,속초시
강원도,속초시
강원도,속초시
강원도,속초시
강원도,속초시
강원도,속초시
강원도,속초시
강원도,속초시
강원도,속초시
강원도,속초시
강원도,속초시
강원도,속초시
강원도,속초시
강원도,속초시
강원도,속초시
강원도,속초시
강원도,속초시
강원도,속초시
강원도,속초시
강원도,속초시
강원도,속초시
강원도,속초시
강원도,속초시
강원도,속초시
강원도,속초시
강원도,속초시
강원도,속초시
강원도,속초시
강원도,속초시
강원도,속초시
강원도,속초시
강원도,속초시
강원도,속초시
강원도,속초시
강원도,속초시
강원도,속초시
강원도,속초시
강원도,속초시
강원도,속초시
강원도,속초시
강원도,속초시
강원도,속초시
강원도,속초시
강원도,속초시
강원도,속초시
강원도,속초시
강원도,속초시
강원도,고성군
강원도,고성군
강원도,고성군
강원도,고성군
강원도,속초시
강원도,속초시
강원도,고성군
강원도,속초시
강원도,속초시
강원도,속초시
강원도,속초시
강원도,속초시
강원도,속초시
강원도,속초시
강원도,속초시
강원도,속초시
강원도,속초시
강원도,속초시
강원도,속초시
강원도,속초시
강원도,속초시
강원도,속초시
강원도,속초시
강원도,속초시
강원도,속초시
강원도,속초시
강원도,속초시
강원도,속초시
강원도,속초시
강원도,속초시
강원도,속초시
강원도,속초시
강원도,양구군
강원도,양구군
강원도,양구군
강원도,양구군
강원도,양구군
강원도,양구군
강원도,양구군
강원도,양구군
강원도,양구군
강원도,양구군
강원도,양구군
강원도,양구군
강원도,양구군
강원도,양구군
강원도,양구군
강원도,양구군
강원도,양구군
강원도,양구군
강원도,양구군
강원도,양구군
강원도,양구군
강원도,대한민국
강원도,양구군
강원도,양구군
강원도,양구군
강원도,양구군
강원도,양구군
강원도,양구군
강원도,양구군
강원도,양구군
강원도,양구군
강원도,양구군
강원도,양구군
강원도,양구군
강원도,양구군
강원도,양구군
강원도,양구군
강원도,양구군
강원도,양구군
강원도,양구군
강원도,양구군
강원도,양구군
강원도,양구군
강원도,양구군
강원도,양구군
강원도,양구군
강원도,양구군
강원도,양구군
강원도,양구군
강원도,양구군
강원도,양구군
강원도,양구군
강원도,양구군
강원도,양구군
강원도,양구군
강원도,양구군
강원도,양구군
강원도,양구군
강원도,양구군
강원도,양구군
강원도,양구군
강원도,양구군
강원도,양구군
강원도,양구군
강원도,양구군
강원도,양구군
강원도,양구군
강원도,양구군
강원도,양구군
강원도,양구군
강원도,양구군
강원도,양구군
강원도,양구군
강원도,양구군
강원도,양구군
강원도,양구군
강원도,양구군
강원도,양구군
강원도,양구군
강원도,양구군
강원도,양구군
강원도,양구군
강원도,양구군
강원도,양구군
강원도,양구군
강원도,양구군
강원도,양구군
강원도,양구군
강원도,양구군
강원도,양구군
강원도,양구군
강원도,양구군
강원도,양구군
강원도,양구군
강원도,양구군
강원도,양구군
강원도,양구군
강원도,양구군
강원도,양구군
강원도,양구군
강원도,양구군
강원도,양구군
강원도,양구군
강원도,양구군
강원도,양구군
강원도,양구군
강원도,양구군
강원도,양구군
강원도,양구군
강원도,양구군
강원도,양구군
강원도,양구군
강원도,양구군
강원도,양구군
강원도,양구군
강원도,대한민국
강원도,양구군
강원도,양구군
강원도,양구군
강원도,양구군
강원도,양구군
강원도,양구군
강원도,양구군
강원도,양구군
강원도,양구군
강원도,양구군
강원도,양구군
강원도,양구군
강원도,양구군
강원도,양구군
강원도,양구군
강원도,양구군
강원도,양구군
강원도,양구군
강원도,양구군
강원도,양구군
강원도,양구군
강원도,양구군
강원도,양구군
강원도,양구군
강원도,양구군
강원도,양구군
강원도,양구군
강원도,양구군
강원도,양구군
강원도,양구군
강원도,양구군
강원도,양구군
강원도,양구군
강원도,양구군
강원도,양구군
강원도,양구군
강원도,양구군
강원도,양구군
강원도,양구군
강원도,양구군
강원도,양구군
강원도,양구군
강원도,양구군
강원도,양구군
강원도,양구군
강원도,양구군
강원도,양구군
강원도,양구군
강원도,양구군
강원도,양구군
강원도,양구군
강원도,양구군
강원도,양구군
강원도,양구군
강원도,양구군
강원도,양구군
강원도,양구군
강원도,양구군
강원도,양구군
강원도,양구군
강원도,양구군
강원도,양구군
강원도,양구군
강원도,양구군
강원도,양구군
강원도,양구군
강원도,양구군
강원도,양구군
강원도,양구군
강원도,양구군
강원도,양구군
강원도,양구군
강원도,양구군
강원도,양구군
강원도,양구군
강원도,양구군
강원도,양구군
강원도,양구군
강원도,양구군
강원도,양구군
강원도,양구군
강원도,양구군
강원도,양구군
경기도,철원군
강원도,양구군
강원도,양구군
강원도,양구군
강원도,양구군
강원도,양구군
강원도,양구군
강원도,양구군
강원도,양구군
강원도,양구군
강원도,양구군
강원도,양구군
강원도,양구군
강원도,양구군
강원도,양구군
강원도,양구군
강원도,양구군
강원도,양구군
강원도,양구군
강원도,양구군
강원도,양구군
강원도,양구군
강원도,양구군
강원도,양구군
강원도,양구군
강원도,양구군
강원도,양구군
강원도,양구군
강원도,양구군
강원도,양구군
강원도,양구군
강원도,양구군
강원도,양구군
강원도,양구군
강원도,양구군
강원도,양구군
강원도,양구군
강원도,양구군
강원도,양구군
강원도,양구군
강원도,양구군
강원도,양구군
강원도,양구군
강원도,양구군
강원도,양구군
강원도,양구군
강원도,양구군
강원도,양구군
강원도,양구군
강원도,양구군
강원도,양구군
강원도,양구군
강원도,양구군
강원도,양구군
강원도,양구군
강원도,양구군
강원도,양구군
강원도,양구군
강원도,양구군
강원도,양구군
강원도,양구군
강원도,양구군
강원도,양구군
강원도,양구군
강원도,홍천군
강원도,홍천군
강원도,홍천군
강원도,홍천군
강원도,홍천군
강원도,홍천군
강원도,홍천군
강원도,홍천군
강원도,홍천군
강원도,홍천군
강원도,홍천군
강원도,홍천군
강원도,홍천군
강원도,홍천군
강원도,홍천군
강원도,홍천군
강원도,홍천군
강원도,홍천군
강원도,홍천군
강원도,홍천군
강원도,홍천군
강원도,홍천군
강원도,홍천군
강원도,홍천군
강원도,홍천군
강원도,홍천군
강원도,홍천군
강원도,홍천군
강원도,홍천군
강원도,홍천군
강원도,홍천군
강원도,홍천군
강원도,홍천군
강원도,홍천군
강원도,홍천군
강원도,홍천군
강원도,대한민국
강원도,홍천군
강원도,홍천군
강원도,홍천군
강원도,홍천군
강원도,홍천군
강원도,홍천군
강원도,홍천군
강원도,홍천군
강원도,홍천군
강원도,홍천군
강원도,홍천군
강원도,홍천군
강원도,홍천군
강원도,홍천군
강원도,홍천군
강원도,홍천군
강원도,홍천군
강원도,홍천군
강원도,홍천군
강원도,홍천군
강원도,홍천군
강원도,홍천군
강원도,홍천군
강원도,홍천군
강원도,홍천군
강원도,홍천군
강원도,홍천군
강원도,홍천군
강원도,홍천군
강원도,홍천군
강원도,홍천군
강원도,홍천군
강원도,홍천군
강원도,홍천군
강원도,홍천군
강원도,홍천군
강원도,홍천군
강원도,홍천군
강원도,홍천군
강원도,홍천군
강원도,홍천군
강원도,홍천군
강원도,홍천군
강원도,홍천군
강원도,홍천군
강원도,홍천군
강원도,홍천군
강원도,홍천군
강원도,홍천군
강원도,홍천군
강원도,홍천군
강원도,홍천군
강원도,홍천군
강원도,홍천군
강원도,홍천군
강원도,홍천군
강원도,홍천군
강원도,홍천군
강원도,홍천군
강원도,홍천군
강원도,홍천군
강원도,홍천군
강원도,홍천군
강원도,홍천군
강원도,홍천군
강원도,홍천군
강원도,홍천군
강원도,홍천군
강원도,홍천군
강원도,홍천군
강원도,홍천군
강원도,홍천군
강원도,홍천군
강원도,홍천군
강원도,홍천군
강원도,홍천군
강원도,홍천군
강원도,홍천군
강원도,홍천군
강원도,홍천군
강원도,홍천군
강원도,홍천군
강원도,홍천군
강원도,홍천군
강원도,홍천군
강원도,홍천군
강원도,홍천군
강원도,홍천군
강원도,홍천군
강원도,홍천군
강원도,홍천군
강원도,홍천군
강원도,홍천군
강원도,홍천군
강원도,홍천군
강원도,홍천군
강원도,홍천군
강원도,홍천군
강원도,홍천군
강원도,홍천군
강원도,홍천군
강원도,홍천군
강원도,홍천군
강원도,홍천군
강원도,홍천군
강원도,홍천군
강원도,홍천군
강원도,홍천군
강원도,홍천군
강원도,홍천군
강원도,홍천군
강원도,홍천군
강원도,홍천군
강원도,홍천군
강원도,홍천군
강원도,홍천군
강원도,홍천군
강원도,홍천군
강원도,홍천군
강원도,홍천군
강원도,홍천군
강원도,홍천군
강원도,홍천군
강원도,홍천군
강원도,홍천군
강원도,홍천군
강원도,홍천군
강원도,홍천군
강원도,홍천군
강원도,홍천군
강원도,홍천군
강원도,홍천군
강원도,홍천군
강원도,홍천군
강원도,홍천군
강원도,홍천군
강원도,홍천군
강원도,홍천군
강원도,홍천군
강원도,홍천군
강원도,홍천군
강원도,홍천군
강원도,홍천군
강원도,홍천군
강원도,홍천군
강원도,홍천군
강원도,홍천군
강원도,홍천군
강원도,홍천군
강원도,홍천군
강원도,홍천군
강원도,홍천군
강원도,홍천군
강원도,홍천군
강원도,홍천군
강원도,홍천군
강원도,홍천군
강원도,홍천군
강원도,홍천군
강원도,홍천군
강원도,홍천군
강원도,홍천군
강원도,홍천군
강원도,홍천군
강원도,홍천군
강원도,홍천군
강원도,홍천군
강원도,홍천군
강원도,홍천군
강원도,홍천군
강원도,홍천군
강원도,홍천군
강원도,홍천군
강원도,홍천군
강원도,홍천군
강원도,홍천군
강원도,홍천군
강원도,홍천군
강원도,홍천군
강원도,홍천군
강원도,홍천군
강원도,홍천군
강원도,홍천군
강원도,홍천군
강원도,홍천군
강원도,홍천군
강원도,홍천군
강원도,홍천군
강원도,화천군
강원도,화천군
강원도,화천군
강원도,화천군
강원도,화천군
강원도,화천군
강원도,화천군
강원도,화천군
강원도,화천군
강원도,화천군
강원도,화천군
강원도,화천군
강원도,화천군
강원도,화천군
강원도,화천군
강원도,화천군
강원도,화천군
강원도,화천군
강원도,화천군
강원도,화천군
강원도,화천군
강원도,화천군
강원도,화천군
강원도,화천군
강원도,화천군
강원도,화천군
강원도,화천군
강원도,화천군
강원도,화천군
강원도,화천군
강원도,화천군
강원도,화천군
강원도,화천군
강원도,화천군
강원도,화천군
강원도,화천군
강원도,화천군
강원도,화천군
강원도,화천군
강원도,화천군
강원도,화천군
강원도,화천군
강원도,화천군
강원도,화천군
강원도,화천군
강원도,화천군
강원도,화천군
강원도,화천군
강원도,화천군
강원도,화천군
강원도,화천군
강원도,화천군
강원도,화천군
강원도,화천군
강원도,화천군
강원도,화천군
강원도,화천군
강원도,화천군
강원도,화천군
강원도,화천군
강원도,화천군
강원도,화천군
강원도,화천군
강원도,화천군
강원도,화천군
강원도,화천군
강원도,화천군
강원도,대한민국
강원도,화천군
강원도,화천군
강원도,화천군
강원도,화천군
강원도,화천군
강원도,화천군
강원도,화천군
강원도,화천군
강원도,화천군
강원도,화천군
강원도,화천군
강원도,화천군
강원도,화천군
강원도,화천군
강원도,화천군
강원도,화천군
강원도,화천군
강원도,화천군
강원도,화천군
강원도,화천군
강원도,화천군
강원도,화천군
강원도,화천군
강원도,화천군
강원도,화천군
강원도,화천군
강원도,화천군
강원도,화천군
강원도,화천군
강원도,철원군
강원도,화천군
강원도,화천군
강원도,화천군
강원도,화천군
강원도,화천군
강원도,화천군
강원도,화천군
강원도,화천군
강원도,화천군
강원도,화천군
강원도,화천군
강원도,화천군
강원도,화천군
강원도,화천군
강원도,화천군
강원도,화천군
강원도,화천군
강원도,화천군
강원도,화천군
강원도,화천군
강원도,화천군
강원도,화천군
강원도,화천군
강원도,화천군
강원도,화천군
강원도,화천군
강원도,화천군
강원도,화천군
강원도,화천군
강원도,화천군
강원도,화천군
강원도,화천군
강원도,화천군
강원도,화천군
강원도,화천군
강원도,화천군
강원도,화천군
강원도,화천군
강원도,화천군
강원도,화천군
강원도,화천군
강원도,화천군
강원도,화천군
강원도,화천군
강원도,화천군
강원도,화천군
강원도,화천군
강원도,화천군
강원도,화천군
강원도,화천군
강원도,화천군
강원도,화천군
강원도,화천군
강원도,화천군
강원도,화천군
강원도,화천군
강원도,화천군
강원도,화천군
강원도,화천군
강원도,화천군
강원도,화천군
강원도,화천군
강원도,화천군
강원도,화천군
강원도,화천군
강원도,화천군
강원도,화천군
강원도,화천군
강원도,화천군
강원도,화천군
강원도,화천군
강원도,화천군
강원도,화천군
강원도,화천군
강원도,화천군
강원도,화천군
강원도,화천군
강원도,화천군
강원도,화천군
강원도,화천군
강원도,화천군
강원도,화천군
강원도,화천군
강원도,화천군
강원도,화천군
강원도,화천군
강원도,화천군
강원도,화천군
강원도,화천군
강원도,화천군
강원도,화천군
강원도,화천군
강원도,화천군
강원도,화천군
강원도,화천군
강원도,화천군
강원도,화천군
강원도,화천군
강원도,화천군
강원도,화천군
강원도,화천군
강원도,화천군
강원도,화천군
강원도,화천군
강원도,화천군
강원도,화천군
강원도,화천군
강원도,화천군
강원도,화천군
강원도,화천군
강원도,화천군
강원도,화천군
강원도,화천군
강원도,화천군
강원도,화천군
강원도,화천군
강원도,화천군
강원도,화천군
강원도,화천군
강원도,화천군
강원도,화천군
강원도,화천군
강원도,화천군
강원도,화천군
강원도,화천군
강원도,화천군
강원도,화천군
강원도,화천군
강원도,화천군
강원도,화천군
강원도,화천군
강원도,화천군
강원도,화천군
강원도,화천군
강원도,화천군
강원도,화천군
강원도,화천군
강원도,화천군
강원도,화천군
강원도,화천군
강원도,화천군
강원도,정선군
강원도,정선군
강원도,정선군
강원도,정선군
강원도,정선군
강원도,정선군
강원도,정선군
강원도,정선군
강원도,정선군
강원도,정선군
강원도,정선군
강원도,정선군
강원도,정선군
강원도,정선군
강원도,정선군
강원도,정선군
강원도,정선군
강원도,정선군
강원도,정선군
강원도,정선군
강원도,정선군
강원도,정선군
강원도,정선군
강원도,정선군
강원도,정선군
강원도,정선군
강원도,정선군
강원도,정선군
강원도,정선군
강원도,정선군
강원도,정선군
강원도,정선군
강원도,정선군
강원도,정선군
강원도,정선군
강원도,정선군
강원도,정선군
강원도,정선군
강원도,정선군
강원도,정선군
강원도,정선군
강원도,정선군
강원도,정선군
강원도,정선군
강원도,정선군
강원도,정선군
강원도,정선군
강원도,정선군
강원도,정선군
강원도,정선군
강원도,정선군
강원도,정선군
강원도,정선군
강원도,정선군
강원도,정선군
강원도,정선군
강원도,정선군
강원도,정선군
강원도,정선군
강원도,정선군
강원도,정선군
강원도,정선군
강원도,정선군
강원도,정선군
강원도,정선군
강원도,정선군
강원도,정선군
강원도,정선군
강원도,정선군
강원도,정선군
강원도,정선군
강원도,정선군
강원도,정선군
강원도,정선군
강원도,정선군
강원도,정선군
강원도,정선군
강원도,정선군
강원도,정선군
강원도,정선군
강원도,정선군
강원도,정선군
강원도,정선군
경상북도,영주시
강원도,정선군
강원도,정선군
강원도,정선군
강원도,정선군
강원도,정선군
강원도,정선군
강원도,정선군
강원도,정선군
강원도,정선군
강원도,정선군
강원도,정선군
강원도,정선군
강원도,정선군
강원도,정선군
강원도,정선군
강원도,정선군
강원도,정선군
강원도,정선군
강원도,정선군
강원도,정선군
강원도,정선군
강원도,정선군
강원도,정선군
강원도,정선군
강원도,대한민국
강원도,정선군
강원도,대한민국
강원도,정선군
강원도,정선군
강원도,대한민국
강원도,대한민국
강원도,정선군
강원도,대한민국
강원도,정선군
강원도,정선군
강원도,정선군
강원도,정선군
강원도,정선군
강원도,정선군
강원도,정선군
강원도,정선군
강원도,정선군
강원도,정선군
강원도,정선군
강원도,정선군
강원도,정선군
강원도,정선군
강원도,정선군
강원도,정선군
강원도,정선군
강원도,정선군
강원도,정선군
강원도,정선군
강원도,정선군
강원도,정선군
강원도,정선군
강원도,정선군
강원도,정선군
강원도,정선군
강원도,정선군
강원도,정선군
강원도,정선군
강원도,정선군
강원도,정선군
강원도,정선군
강원도,정선군
강원도,정선군
강원도,정선군
강원도,대한민국
강원도,정선군
강원도,정선군
강원도,정선군
강원도,정선군
강원도,정선군
강원도,정선군
강원도,정선군
강원도,정선군
강원도,정선군
강원도,정선군
강원도,정선군
강원도,정선군
강원도,정선군
강원도,정선군
강원도,정선군
강원도,정선군
강원도,정선군
강원도,정선군
강원도,정선군
강원도,정선군
강원도,정선군
강원도,정선군
강원도,정선군
강원도,정선군
강원도,정선군
강원도,정선군
강원도,정선군
강원도,정선군
강원도,정선군
강원도,정선군
강원도,정선군
강원도,정선군
강원도,정선군
강원도,정선군
강원도,정선군
강원도,정선군
강원도,정선군
강원도,정선군
강원도,정선군
강원도,정선군
강원도,정선군
강원도,정선군
강원도,정선군
강원도,정선군
강원도,정선군
강원도,정선군
강원도,정선군
강원도,정선군
강원도,정선군
강원도,정선군
강원도,정선군
강원도,정선군
강원도,정선군
강원도,정선군
강원도,정선군
강원도,정선군
강원도,정선군
강원도,정선군
강원도,정선군
강원도,정선군
강원도,정선군
강원도,정선군
강원도,정선군
강원도,정선군
강원도,정선군
강원도,정선군
강원도,정선군
강원도,정선군
강원도,정선군
강원도,정선군
강원도,정선군
강원도,정선군
강원도,정선군
강원도,정선군
강원도,정선군
강원도,정선군
강원도,정선군
강원도,정선군
강원도,정선군
강원도,정선군
강원도,정선군
강원도,정선군
강원도,정선군
강원도,정선군
강원도,정선군
강원도,정선군
강원도,정선군
강원도,정선군
강원도,정선군
강원도,정선군
강원도,정선군
강원도,정선군
강원도,정선군
강원도,정선군
강원도,정선군
강원도,정선군
강원도,정선군
강원도,정선군
강원도,정선군
강원도,정선군
강원도,정선군
강원도,정선군
강원도,정선군
강원도,정선군
강원도,정선군
강원도,정선군
강원도,정선군
강원도,정선군
강원도,정선군
강원도,정선군
강원도,정선군
강원도,대한민국
강원도,정선군
강원도,정선군
강원도,정선군
강원도,정선군
강원도,정선군
강원도,정선군
강원도,정선군
강원도,정선군
강원도,정선군
강원도,정선군
강원도,정선군
강원도,정선군
강원도,정선군
강원도,정선군
강원도,정선군
강원도,정선군
강원도,정선군
강원도,정선군
강원도,정선군
강원도,정선군
강원도,정선군
강원도,정선군
강원도,정선군
강원도,정선군
강원도,정선군
강원도,정선군
강원도,정선군
강원도,정선군
강원도,정선군
강원도,정선군
강원도,정선군
강원도,정선군
강원도,정선군
강원도,정선군
강원도,정선군
강원도,정선군
강원도,정선군
강원도,정선군
강원도,정선군
강원도,정선군
강원도,정선군
강원도,정선군
강원도,정선군
강원도,정선군
강원도,정선군
강원도,정선군
강원도,정선군
강원도,정선군
강원도,정선군
강원도,정선군
강원도,정선군
강원도,정선군
강원도,정선군
강원도,정선군
강원도,정선군
강원도,정선군
강원도,정선군
강원도,정선군
강원도,정선군
강원도,정선군
강원도,정선군
강원도,정선군
강원도,정선군
강원도,정선군
강원도,정선군
강원도,정선군
강원도,정선군
강원도,정선군
강원도,정선군
강원도,정선군
강원도,정선군
강원도,정선군
강원도,정선군
강원도,정선군
강원도,정선군
강원도,정선군
강원도,정선군
강원도,정선군
강원도,정선군
강원도,정선군
강원도,정선군
강원도,정선군
강원도,정선군
강원도,정선군
강원도,정선군
강원도,정선군
강원도,정선군
강원도,정선군
강원도,정선군
강원도,정선군
강원도,정선군
강원도,정선군
강원도,정선군
강원도,정선군
강원도,정선군
강원도,정선군
강원도,정선군
강원도,정선군
강원도,정선군
강원도,정선군
강원도,정선군
강원도,정선군
강원도,정선군
강원도,정선군
강원도,정선군
강원도,정선군
강원도,정선군
강원도,정선군
강원도,정선군
강원도,정선군
강원도,양구군
강원도,양구군
강원도,양구군
강원도,양구군
강원도,양구군
강원도,양구군
강원도,양구군
강원도,양구군
강원도,양구군
강원도,양구군
강원도,양구군
강원도,양구군
경기도,광명시
경기도,광명시
경기도,광명시
경기도,광명시
경기도,광명시
경기도,광명시
경기도,오산시
경기도,오산시
경기도,오산시
경기도,오산시
경기도,오산시
경기도,오산시
경기도,오산시
경기도,오산시
경기도,오산시
경기도,오산시
경기도,오산시
경기도,오산시
경기도,오산시
경기도,오산시
경기도,오산시
경기도,오산시
경기도,오산시
경기도,오산시
경기도,오산시
경기도,오산시
경기도,오산시
경기도,오산시
경기도,오산시
경기도,오산시
경기도,오산시
경기도,오산시
경기도,오산시
경기도,오산시
경기도,오산시
경기도,오산시
경기도,오산시
경기도,오산시
경기도,오산시
경기도,오산시
경기도,오산시
경기도,오산시
경기도,오산시
경기도,오산시
경기도,오산시
경기도,오산시
경기도,오산시
경기도,오산시
경기도,오산시
경기도,오산시
경기도,오산시
경기도,오산시
경기도,오산시
경기도,오산시
경기도,오산시
경기도,오산시
경기도,오산시
경기도,안양시
경기도,안양시
경기도,안양시
경기도,안양시
경기도,안양시
경기도,안양시
경기도,안양시
경기도,안양시
경기도,안양시
경기도,안양시
경기도,안양시
경기도,안양시
경기도,안양시
경기도,안양시
경기도,안양시
경기도,안양시
경기도,안양시
경기도,안양시
경기도,안양시
경기도,안양시
경기도,안양시
경기도,안양시
경기도,안양시
경기도,안양시
경기도,안양시
경기도,안양시
경기도,안양시
경기도,안양시
경기도,안양시
경기도,안양시
경기도,안양시
경기도,안양시
경기도,안양시
경기도,안양시
경기도,안양시
경기도,안양시
경기도,안양시
경기도,안양시
경기도,안양시
경기도,안양시
경기도,안양시
경기도,안양시
경기도,안양시
경기도,안양시
경기도,안양시
경기도,안양시
경기도,안양시
경기도,안양시
경기도,안양시
경기도,안양시
경기도,안양시
경기도,안양시
경기도,안양시
경기도,안양시
경기도,안양시
경기도,안양시
경기도,안양시
경기도,안양시
경기도,안양시
경기도,안양시
경기도,안양시
경기도,안양시
경기도,안양시
경기도,안양시
경기도,안양시
경기도,안양시
경기도,안양시
경기도,안양시
경기도,안양시
경기도,안양시
경기도,안양시
경기도,안양시
경기도,안양시
경기도,안양시
경기도,안양시
경기도,안양시
경기도,안양시
경기도,안양시
경기도,안양시
경기도,안양시
경기도,안양시
경기도,안양시
경기도,안양시
경기도,안양시
경기도,안양시
경기도,안양시
경기도,안양시
경기도,안양시
경기도,안양시
경기도,안양시
경기도,안양시
경기도,안양시
경기도,안양시
경기도,안양시
경기도,안양시
경기도,안양시
경기도,안양시
경기도,안양시
경기도,안양시
경기도,안양시
경기도,안양시
경기도,안양시
경기도,안양시
경기도,안양시
경기도,안양시
경기도,안양시
경기도,안양시
경기도,안양시
경기도,안양시
경기도,안양시
경기도,안양시
경기도,안양시
경기도,안양시
경기도,안양시
경기도,안양시
경기도,안양시
경기도,안양시
경기도,안양시
경기도,안양시
경기도,안양시
경기도,안양시
경기도,안양시
경기도,안양시
경기도,안양시
경기도,안양시
경기도,안양시
경기도,안양시
경기도,안양시
경기도,안양시
경기도,안양시
경기도,안양시
경기도,안양시
경기도,안양시
경기도,안양시
경기도,안양시
경기도,안양시
경기도,안양시
경기도,안양시
경기도,안양시
경기도,안양시
경기도,안양시
경기도,안양시
경기도,안양시
경기도,안양시
경기도,안양시
경기도,안양시
경기도,안양시
경기도,안양시
경기도,안양시
경기도,안양시
경기도,안양시
경기도,안양시
경기도,안양시
경기도,안양시
경기도,안양시
경기도,안양시
경기도,안양시
경기도,안양시
경기도,안양시
경기도,안양시
경기도,안양시
경기도,안양시
경기도,안양시
경기도,안양시
경기도,안양시
경기도,안양시
경기도,안양시
경기도,안양시
경기도,안양시
경기도,안양시
경기도,안양시
경기도,안양시
경기도,안양시
경기도,안양시
경기도,안양시
경기도,안양시
경기도,안양시
경기도,안양시
경기도,안양시
경기도,안양시
경기도,안양시
경기도,안양시
경기도,안양시
경기도,안양시
경기도,안양시
경기도,안양시
경기도,안양시
경기도,안양시
경기도,안양시
경기도,안양시
경기도,안양시
경기도,안양시
경기도,안양시
경기도,안양시
경기도,안양시
경기도,안양시
경기도,안양시
경기도,안양시
경기도,안양시
경기도,안양시
경기도,안양시
경기도,안양시
경기도,안양시
경기도,안양시
경기도,안양시
경기도,안양시
경기도,안양시
경기도,안양시
경기도,안양시
경기도,안양시
경기도,안양시
경기도,안양시
경기도,안양시
경기도,안양시
경기도,안양시
경기도,안양시
경기도,안양시
경기도,안양시
경기도,안양시
경기도,안양시
경기도,안양시
경기도,안양시
경기도,안양시
경기도,안양시
경기도,안양시
경기도,안양시
경기도,안양시
경기도,안양시
경기도,안양시
경기도,안양시
경기도,안양시
경기도,안양시
경기도,안양시
경기도,안양시
경기도,안양시
경기도,안양시
경기도,안양시
경기도,안양시
경기도,안양시
경기도,안양시
경기도,안양시
경기도,안양시
경기도,안양시
경기도,안양시
경기도,안양시
경기도,안양시
경기도,안양시
경기도,안양시
경기도,안양시
경기도,안양시
경기도,안양시
경기도,안양시
경기도,안양시
경기도,안양시
경기도,안양시
경기도,안양시
경기도,안양시
경기도,안양시
경기도,안양시
경기도,안양시
경기도,안양시
경기도,안양시
경기도,안양시
경기도,안양시
경기도,안양시
경기도,안양시
경기도,안양시
경기도,안양시
경기도,안양시
경기도,안양시
경기도,안양시
경기도,안양시
경기도,의왕시
경기도,안양시
경기도,안양시
경기도,안양시
경기도,안양시
경기도,안양시
경기도,안양시
경기도,안양시
경기도,안양시
경기도,안양시
경기도,안양시
경기도,안양시
경기도,안양시
경기도,안양시
경기도,안양시
경기도,안양시
경기도,안양시
경기도,안양시
경기도,안양시
경기도,안양시
경기도,안양시
경기도,안양시
경기도,안양시
경기도,안양시
경기도,안양시
경기도,안양시
경기도,안양시
경기도,안양시
경기도,안양시
경기도,안양시
경기도,안양시
경기도,안양시
경기도,안양시
경기도,안양시
경기도,안양시
경기도,안양시
경기도,안양시
경기도,안양시
경기도,안양시
경기도,안양시
경기도,안양시
경기도,안양시
경기도,안양시
경기도,안양시
경기도,안양시
경기도,안양시
경기도,안양시
경기도,안양시
경기도,안양시
경기도,안양시
경기도,안양시
경기도,안양시
경기도,안양시
경기도,안양시
경기도,안양시
경기도,안양시
경기도,안양시
경기도,안양시
경기도,안양시
경기도,안양시
경기도,안양시
경기도,안양시
경기도,안양시
경기도,안양시
경기도,안양시
경기도,안양시
경기도,안양시
경기도,안양시
경기도,안양시
경기도,안양시
경기도,안양시
경기도,안양시
경기도,안양시
경기도,안양시
경기도,안양시
경기도,안양시
경기도,안양시
경기도,안양시
경기도,안양시
경기도,안양시
경기도,안양시
경기도,안양시
경기도,안양시
경기도,안양시
경기도,안양시
경기도,안양시
경기도,안양시
경기도,안양시
경기도,안양시
경기도,안양시
경기도,안양시
경기도,안양시
경기도,안양시
경기도,안양시
경기도,안양시
경기도,안양시
경기도,안양시
경기도,안양시
경기도,안양시
경기도,안양시
경기도,안양시
경기도,안양시
경기도,안양시
경기도,안양시
경기도,안양시
경기도,안양시
경기도,안양시
경기도,안양시
경기도,안양시
경기도,안양시
경기도,안양시
경기도,안양시
경기도,안양시
경기도,안양시
경기도,안양시
경기도,안양시
경기도,안양시
경기도,안양시
경기도,안양시
경기도,안양시
경기도,안양시
경기도,안양시
경기도,안양시
경기도,안양시
경기도,안양시
경기도,안양시
경기도,안양시
경기도,안양시
경기도,안양시
경기도,안양시
경기도,안양시
경기도,안양시
경기도,안양시
경기도,안양시
경기도,안양시
경기도,안양시
경기도,안양시
경기도,안양시
경기도,안양시
경기도,안양시
경기도,안양시
경기도,안양시
경기도,안양시
경기도,안양시
경기도,안양시
경기도,안양시
경기도,안양시
경기도,안양시
경기도,안양시
경기도,안양시
경기도,안양시
경기도,안양시
경기도,안양시
경기도,안양시
경기도,안양시
경기도,안양시
경기도,안양시
경기도,안양시
경기도,안양시
경기도,안양시
경기도,안양시
경기도,안양시
경기도,안양시
경기도,안양시
경기도,안양시
경기도,안양시
경기도,안양시
경기도,안양시
경기도,안양시
경기도,안양시
경기도,안양시
경기도,안양시
경기도,안양시
경기도,안양시
경기도,안양시
경기도,안양시
경기도,안양시
경기도,안양시
경기도,안양시
경기도,안양시
경기도,안양시
경기도,안양시
경기도,안양시
경기도,안양시
경기도,안양시
경기도,안양시
경기도,안양시
경기도,안양시
경기도,안양시
경기도,안양시
경기도,안양시
경기도,안양시
경기도,안양시
경기도,안양시
경기도,안양시
경기도,안양시
경기도,안양시
경기도,안양시
경기도,안양시
경기도,안양시
경기도,안양시
경기도,안양시
경기도,안양시
경기도,안양시
경기도,안양시
경기도,안양시
경기도,안양시
경기도,안양시
경기도,안양시
경기도,안양시
경기도,안양시
경기도,안양시
경기도,안양시
경기도,안양시
경기도,안양시
경기도,안양시
경기도,안양시
경기도,안양시
경기도,안양시
경기도,안양시
경기도,안양시
경기도,안양시
경기도,안양시
경기도,안양시
경기도,안양시
경기도,안양시
경기도,안양시
경기도,안양시
경기도,안양시
경기도,안양시
경기도,안양시
경기도,안양시
경기도,안양시
경기도,안양시
경기도,안양시
경기도,안양시
경기도,안양시
경기도,안양시
경기도,안양시
경기도,안양시
경기도,안양시
경기도,안양시
경기도,안양시
경기도,안양시
경기도,안양시
경기도,안양시
경기도,안양시
경기도,안양시
경기도,안양시
경기도,안양시
경기도,안양시
경기도,안양시
경기도,안양시
경기도,안양시
경기도,안양시
경기도,안양시
경기도,안양시
경기도,안양시
경기도,안양시
경기도,안양시
경기도,안양시
경기도,안양시
경기도,안양시
경기도,안양시
경기도,안양시
경기도,안양시
경기도,안양시
경기도,안양시
경기도,안양시
경기도,안양시
경기도,안양시
경기도,안양시
경기도,안양시
경기도,안양시
경기도,안양시
경기도,안양시
경기도,안양시
경기도,안양시
경기도,안양시
경기도,안양시
경기도,안양시
경기도,안양시
경기도,안양시
경기도,안양시
경기도,안양시
경기도,안양시
경기도,안양시
경기도,안양시
경기도,안양시
경기도,안양시
경기도,안양시
경기도,안양시
경기도,안양시
경기도,안양시
경기도,안양시
경기도,안양시
경기도,안양시
경기도,안양시
경기도,안양시
경기도,안양시
경기도,안양시
경기도,안양시
경기도,안양시
경기도,안양시
경기도,안양시
경기도,안양시
경기도,안양시
경기도,안양시
경기도,안양시
경기도,안양시
경기도,안양시
경기도,안양시
경기도,안양시
경기도,안양시
경기도,안양시
경기도,안양시
경기도,안양시
경기도,안양시
경기도,안양시
경기도,안양시
경기도,안양시
경기도,안양시
경기도,안양시
경기도,안양시
경기도,안양시
경기도,안양시
경기도,안양시
경기도,안양시
경기도,안양시
경기도,안양시
경기도,안양시
경기도,안양시
경기도,안양시
경기도,안양시
경기도,안양시
경기도,안양시
경기도,안양시
경기도,안양시
경기도,안양시
경기도,안양시
경기도,안양시
경기도,안양시
경기도,안양시
경기도,안양시
경기도,안양시
경기도,안양시
경기도,안양시
경기도,안양시
경기도,안양시
경기도,안양시
경기도,안양시
경기도,안양시
경기도,안양시
경기도,안양시
경기도,안양시
경기도,안양시
경기도,안양시
경기도,안양시
경기도,안양시
경기도,안양시
경기도,안양시
경기도,안양시
경기도,안양시
경기도,안양시
경기도,안양시
경기도,안양시
경기도,안양시
경기도,안양시
경기도,안양시
경기도,안양시
경기도,안양시
경기도,안양시
경기도,안양시
경기도,안양시
경기도,안양시
경기도,안양시
경기도,안양시
경기도,안양시
경기도,안양시
경기도,안양시
경기도,안양시
경기도,안양시
경기도,안양시
경기도,안양시
경기도,안양시
경기도,안양시
경기도,안양시
경기도,안양시
경기도,안양시
경기도,안양시
경기도,안양시
경기도,안양시
경기도,안양시
경기도,안양시
경기도,안양시
경기도,안양시
경기도,안양시
경기도,안양시
경기도,안양시
경기도,안양시
경기도,안양시
경기도,안양시
경기도,안양시
경기도,안양시
경기도,안양시
경기도,안양시
경기도,안양시
경기도,안양시
경기도,안양시
경기도,안양시
경기도,안양시
경기도,안양시
경기도,안양시
경기도,안양시
경기도,안양시
경기도,안양시
경기도,안양시
경기도,안양시
경기도,안양시
경기도,안양시
경기도,안양시
경기도,안양시
경기도,안양시
경기도,안양시
경기도,안양시
경기도,안양시
경기도,안양시
경기도,안양시
경기도,안양시
경기도,안양시
경기도,안양시
경기도,안양시
경기도,안양시
경기도,안양시
경기도,안양시
경기도,안양시
경기도,안양시
경기도,안양시
경기도,안양시
경기도,안양시
경기도,안양시
경기도,안양시
경기도,안양시
경기도,안양시
경기도,안양시
경기도,안양시
경기도,안양시
경기도,안양시
경기도,안양시
경기도,안양시
경기도,안양시
경기도,안양시
경기도,안양시
경기도,안양시
경기도,안양시
경기도,안양시
경기도,안양시
경기도,안양시
경기도,안양시
경기도,안양시
경기도,안양시
경기도,안양시
경기도,안양시
경기도,안양시
경기도,안양시
경기도,안양시
경기도,안양시
경기도,안양시
경기도,안양시
경기도,안양시
경기도,안양시
경기도,안양시
경기도,안양시
경기도,안양시
경기도,안양시
경기도,안양시
경기도,안양시
경기도,안양시
경기도,안양시
경기도,안양시
경기도,안양시
경기도,안양시
경기도,안양시
경기도,안양시
경기도,안양시
경기도,안양시
경기도,안양시
경기도,안양시
경기도,안양시
경기도,안양시
경기도,안양시
경기도,안양시
경기도,안양시
경기도,안양시
경기도,안양시
경기도,안양시
경기도,안양시
경기도,안양시
경기도,안양시
경기도,안양시
경기도,안양시
경기도,안양시
경기도,안양시
경기도,안양시
경기도,안양시
경기도,안양시
경기도,안양시
경기도,안양시
경기도,안양시
경기도,안양시
경기도,안양시
경기도,안양시
경기도,안양시
경기도,안양시
경기도,안양시
경기도,안양시
경기도,안양시
경기도,안양시
경기도,안양시
경기도,안양시
경기도,안양시
경기도,안양시
경기도,안양시
경기도,안양시
경기도,안양시
경기도,안양시
경기도,안양시
경기도,안양시
경기도,안양시
경기도,안양시
경기도,안양시
경기도,안양시
경기도,안양시
경기도,안양시
경기도,안양시
경기도,안양시
경기도,안양시
경기도,안양시
경기도,안양시
경기도,안양시
경기도,안양시
경기도,안양시
경기도,안양시
경기도,안양시
경기도,안양시
경기도,안양시
경기도,안양시
경기도,안양시
경기도,안양시
경기도,안양시
경기도,안양시
경기도,안양시
경기도,안양시
경기도,안양시
경기도,안양시
경기도,안양시
경기도,안양시
경기도,안양시
경기도,안양시
경기도,안양시
경기도,안양시
경기도,안양시
경기도,안양시
경기도,안양시
경기도,안양시
경기도,안양시
경기도,안양시
경기도,안양시
경기도,안양시
경기도,안양시
경기도,안양시
경기도,안양시
경기도,안양시
경기도,안양시
경기도,안양시
경기도,안양시
경기도,안양시
경기도,안양시
경기도,안양시
경기도,안양시
경기도,안양시
경기도,안양시
경기도,안양시
경기도,안양시
경기도,안양시
경기도,안양시
경기도,군포시
경기도,안양시
경기도,안양시
경기도,안양시
경기도,안양시
경기도,안양시
경기도,안양시
경기도,안양시
경기도,안양시
경기도,안양시
경기도,안양시
경기도,안양시
경기도,안양시
경기도,안양시
경기도,안양시
경기도,안양시
경기도,안양시
경기도,안양시
경기도,안양시
경기도,안양시
경기도,안양시
경기도,안양시
경기도,안양시
경기도,안양시
경기도,안양시
경기도,안양시
경기도,안양시
경기도,안양시
경기도,안양시
경기도,안양시
경기도,안양시
경기도,안양시
경기도,안양시
경기도,안양시
경기도,안양시
경기도,안양시
경기도,안양시
경기도,안양시
경기도,안양시
경기도,안양시
경기도,안양시
경기도,안양시
경기도,안양시
경기도,안양시
경기도,과천시
경기도,안양시
경기도,안양시
경기도,안양시
경기도,안양시
경기도,안양시
경기도,안양시
경기도,안양시
경기도,안양시
경기도,안양시
경기도,안양시
경기도,안양시
경기도,안양시
경기도,안양시
경기도,안양시
경기도,안양시
경기도,안양시
경기도,안양시
경기도,안양시
경기도,안양시
경기도,안양시
경기도,안양시
경기도,안양시
경기도,안양시
경기도,안양시
경기도,안양시
경기도,안양시
경기도,안양시
경기도,안양시
경기도,안양시
경기도,안양시
경기도,안양시
경기도,안양시
경기도,안양시
경기도,안양시
경기도,안양시
경기도,안양시
경기도,안양시
경기도,안양시
경기도,안양시
경기도,안양시
경기도,안양시
경기도,의왕시
경기도,안양시
경기도,안양시
경기도,안양시
경기도,안양시
경기도,안양시
경기도,안양시
경기도,안양시
경기도,안양시
경기도,안양시
경기도,안양시
경기도,안양시
경기도,안양시
경기도,안양시
경기도,안양시
경기도,안양시
경기도,안양시
경기도,안양시
경기도,안양시
경기도,안양시
경기도,안양시
경기도,안양시
경기도,안양시
경기도,안양시
경기도,안양시
경기도,안양시
경기도,안양시
경기도,안양시
경기도,안양시
경기도,안양시
경기도,안양시
경기도,안양시
경기도,안양시
경기도,안양시
경기도,안양시
경기도,안양시
경기도,안양시
경기도,안양시
경기도,안양시
경기도,안양시
경기도,안양시
경기도,안양시
경기도,안양시
경기도,안양시
경기도,안양시
경기도,안양시
경기도,안양시
경기도,안양시
경기도,안양시
경기도,안양시
경기도,안양시
경기도,안양시
경기도,안양시
경기도,안양시
경기도,안양시
경기도,안양시
경기도,안양시
경기도,안양시
경기도,안양시
경기도,안양시
경기도,안양시
경기도,안양시
경기도,안양시
경기도,안양시
경기도,안양시
경기도,안양시
경기도,안양시
경기도,안양시
경기도,안양시
경기도,안양시
경기도,시흥시
경기도,안양시
경기도,안양시
경기도,안양시
경기도,안양시
경기도,안양시
경기도,안양시
경기도,안양시
경기도,안양시
경기도,안양시
경기도,안양시
경기도,안양시
경기도,오전동
경기도,안양시
경기도,안양시
경기도,안양시
경기도,안양시
경기도,안양시
경기도,안양시
경기도,안양시
경기도,안양시
경기도,안양시
경기도,안양시
경기도,안양시
경기도,안양시
경기도,안양시
경기도,안양시
경기도,안양시
경기도,안양시
경기도,안양시
경기도,안양시
경기도,안양시
경기도,안양시
경기도,안양시
경기도,안양시
경기도,안양시
경기도,안양시
경기도,안양시
경기도,안양시
경기도,안양시
경기도,안양시
경기도,안양시
경기도,안양시
경기도,안양시
경기도,안양시
경기도,안양시
경기도,안양시
경기도,안양시
경기도,안양시
경기도,안양시
경기도,안양시
경기도,안양시
경기도,안양시
경기도,안양시
경기도,안양시
경기도,안양시
경기도,안양시
경기도,안양시
경기도,안양시
경기도,안양시
경기도,안양시
경기도,안양시
경기도,안양시
경기도,안양시
경기도,안양시
경기도,안양시
경기도,안양시
경기도,안양시
경기도,안양시
경기도,안양시
경기도,안양시
경기도,안양시
경기도,안양시
경기도,안양시
경기도,안양시
경기도,안양시
경기도,안양시
경기도,안양시
경기도,안양시
경기도,안양시
경기도,안양시
경기도,안양시
경기도,안양시
경기도,안양시
경기도,안양시
경기도,안양시
경기도,안양시
경기도,안양시
경기도,안양시
경기도,안양시
경기도,안양시
경기도,안양시
경기도,안양시
경기도,안양시
경기도,안양시
경기도,안양시
경기도,안양시
경기도,안양시
경기도,안양시
경기도,안양시
경기도,안양시
경기도,안양시
경기도,안양시
경기도,안양시
경기도,안양시
경기도,안양시
경기도,안양시
경기도,안양시
경기도,안양시
경기도,안양시
경기도,안양시
경기도,안양시
경기도,안양시
경기도,안양시
경기도,안양시
경기도,안양시
경기도,안양시
경기도,안양시
경기도,안양시
경기도,안양시
경기도,안양시
경기도,안양시
경기도,안양시
경기도,안양시
경기도,안양시
경기도,안양시
경기도,안양시
경기도,안양시
경기도,안양시
경기도,안양시
경기도,안양시
경기도,안양시
경기도,안양시
경기도,안양시
경기도,안양시
경기도,안양시
경기도,의왕시
경기도,의왕시
경기도,의왕시
경기도,의왕시
경기도,의왕시
경기도,의왕시
경기도,의왕시
경기도,의왕시
경기도,의왕시
경기도,의왕시
경기도,의왕시
경기도,의왕시
경기도,의왕시
경기도,의왕시
경기도,의왕시
경기도,의왕시
경기도,의왕시
경기도,오전동
경기도,의왕시
경기도,의왕시
경기도,의왕시
경기도,의왕시
경기도,의왕시
경기도,의왕시
경기도,의왕시
경기도,의왕시
경기도,의왕시
경기도,의왕시
경기도,의왕시
경기도,의왕시
경기도,의왕시
경기도,의왕시
경기도,의왕시
경기도,의왕시
경기도,의왕시
경기도,의왕시
경기도,의왕시
경기도,의왕시
경기도,의왕시
경기도,의왕시
경기도,의왕시
경기도,의왕시
경기도,의왕시
경기도,의왕시
경기도,의왕시
경기도,의왕시
경기도,의왕시
경기도,의왕시
경기도,의왕시
경기도,의왕시
경기도,의왕시
경기도,의왕시
경기도,의왕시
경기도,의왕시
경기도,의왕시
경기도,의왕시
경기도,의왕시
경기도,의왕시
경기도,의왕시
경기도,의왕시
경기도,의왕시
경기도,의왕시
경기도,의왕시
경기도,안산시
경기도,의왕시
경기도,의왕시
경기도,의왕시
경기도,의왕시
경기도,안산시
경기도,안산시
경기도,안산시
경기도,안산시
경기도,화성시
경기도,의왕시
경기도,의왕시
경기도,의왕시
경기도,의왕시
경기도,의왕시
경기도,의왕시
경기도,의왕시
경기도,의왕시
경기도,의왕시
경기도,의왕시
경기도,의왕시
경기도,의왕시
경기도,의왕시
경기도,의왕시
경기도,의왕시
경기도,의왕시
경기도,안산시
경기도,의왕시
경기도,의왕시
경기도,의왕시
경기도,의왕시
경기도,의왕시
경기도,의왕시
경기도,의왕시
경기도,의왕시
경기도,의왕시
경기도,의왕시
경기도,의왕시
경기도,의왕시
경기도,의왕시
경기도,의왕시
경기도,의왕시
경기도,의왕시
경기도,의왕시
경기도,의왕시
경기도,의왕시
경기도,의왕시
경기도,의왕시
경기도,의왕시
경기도,의왕시
경기도,의왕시
경기도,의왕시
경기도,의왕시
경기도,의왕시
경기도,의왕시
경기도,의왕시
경기도,의왕시
경기도,의왕시
경기도,의왕시
경기도,의왕시
경기도,의왕시
경기도,의왕시
경기도,의왕시
경기도,의왕시
경기도,의왕시
경기도,의왕시
경기도,의왕시
경기도,의왕시
경기도,의왕시
경기도,의왕시
경기도,의왕시
경기도,의왕시
경기도,의왕시
경기도,의왕시
경기도,의왕시
경기도,의왕시
경기도,의왕시
경기도,의왕시
경기도,의왕시
경기도,의왕시
경기도,의왕시
경기도,의왕시
경기도,의왕시
경기도,의왕시
경기도,의왕시
경기도,의왕시
경기도,의왕시
경기도,의왕시
경기도,의왕시
경기도,의왕시
경기도,의왕시
경기도,의왕시
경기도,의왕시
경기도,의왕시
경기도,의왕시
경기도,의왕시
경기도,의왕시
경기도,의왕시
경기도,의왕시
경기도,의왕시
경기도,의왕시
경기도,의왕시
경기도,의왕시
경기도,의왕시
경기도,의왕시
경기도,의왕시
경기도,의왕시
경기도,의왕시
경기도,의왕시
경기도,의왕시
경기도,의왕시
경기도,의왕시
경기도,의왕시
경기도,의왕시
경기도,오전동
경기도,의왕시
경기도,의왕시
경기도,의왕시
경기도,의왕시
경기도,의왕시
경기도,의왕시
경기도,의왕시
경기도,의왕시
경기도,의왕시
경기도,의왕시
경기도,의왕시
경기도,의왕시
경기도,의왕시
경기도,의왕시
경기도,의왕시
경기도,의왕시
경기도,의왕시
경기도,의왕시
경기도,의왕시
경기도,의왕시
경기도,의왕시
경기도,안산시
경기도,안산시
경기도,의왕시
경기도,의왕시
경기도,의왕시
경기도,의왕시
경기도,의왕시
경기도,의왕시
경기도,의왕시
경기도,의왕시
경기도,의왕시
경기도,의왕시
경기도,의왕시
경기도,의왕시
경기도,의왕시
경기도,의왕시
경기도,오전동
경기도,의왕시
경기도,의왕시
경기도,의왕시
경기도,의왕시
경기도,의왕시
경기도,의왕시
경기도,의왕시
경기도,의왕시
경기도,의왕시
경기도,의왕시
경기도,의왕시
경기도,의왕시
경기도,의왕시
경기도,의왕시
경기도,의왕시
경기도,의왕시
경기도,의왕시
경기도,의왕시
경기도,의왕시
경기도,의왕시
경기도,의왕시
경기도,의왕시
경기도,의왕시
경기도,의왕시
경기도,안산시
경기도,의왕시
경기도,의왕시
경기도,의왕시
경기도,의왕시
경기도,의왕시
경기도,안산시
경기도,안산시
경기도,안산시
경기도,안산시
경기도,안산시
경기도,안산시
경기도,안산시
경기도,안산시
경기도,안산시
경기도,안산시
경기도,안산시
경기도,안산시
경기도,안산시
경기도,안산시
경기도,안산시
경기도,안산시
경기도,의왕시
경기도,의왕시
경기도,의왕시
경기도,의왕시
경기도,의왕시
경기도,의왕시
경기도,의왕시
경기도,의왕시
경기도,의왕시
경기도,의왕시
경기도,의왕시
경기도,의왕시
경기도,의왕시
경기도,의왕시
경기도,의왕시
경기도,의왕시
경기도,의왕시
경기도,의왕시
경기도,의왕시
경기도,의왕시
경기도,의왕시
경기도,의왕시
경기도,오전동
경기도,의왕시
경기도,의왕시
경기도,오전동
경기도,오전동
경기도,의왕시
경기도,의왕시
경기도,의왕시
경기도,의왕시
경기도,의왕시
경기도,의왕시
경기도,의왕시
경기도,의왕시
경기도,의왕시
경기도,의왕시
경기도,의왕시
경기도,의왕시
경기도,의왕시
경기도,의왕시
경기도,의왕시
경기도,의왕시
경기도,의왕시
경기도,의왕시
경기도,의왕시
경기도,의왕시
경기도,의왕시
경기도,의왕시
경기도,의왕시
경기도,의왕시
경기도,의왕시
경기도,의왕시
경기도,의왕시
경기도,의왕시
경기도,의왕시
경기도,의왕시
경기도,의왕시
경기도,의왕시
경기도,의왕시
경기도,의왕시
경기도,의왕시
경기도,의왕시
경기도,의왕시
경기도,의왕시
경기도,의왕시
경기도,의왕시
경기도,의왕시
경기도,의왕시
경기도,의왕시
경기도,의왕시
경기도,의왕시
경기도,의왕시
경기도,의왕시
경기도,의왕시
경기도,의왕시
경기도,성남시
경기도,의왕시
경기도,의왕시
경기도,의왕시
경기도,의왕시
경기도,의왕시
경기도,의왕시
경기도,의왕시
경기도,의왕시
경기도,의왕시
경기도,의왕시
경기도,의왕시
경기도,의왕시
경기도,의왕시
경기도,의왕시
경기도,의왕시
경기도,의왕시
경기도,의왕시
경기도,의왕시
경기도,의왕시
경기도,의왕시
경기도,의왕시
경기도,의왕시
경기도,의왕시
경기도,의왕시
경기도,의왕시
경기도,의왕시
경기도,의왕시
경기도,의왕시
경기도,의왕시
경기도,의왕시
경기도,의왕시
경기도,의왕시
경기도,의왕시
경기도,의왕시
경기도,의왕시
경기도,의왕시
경기도,의왕시
경기도,의왕시
경기도,의왕시
경기도,의왕시
경기도,의왕시
경기도,의왕시
경기도,의왕시
경기도,오전동
경기도,오전동
경기도,의왕시
경기도,의왕시
경기도,의왕시
경기도,오전동
경기도,의왕시
경기도,의왕시
경기도,의왕시
경기도,의왕시
경기도,오전동
경기도,의왕시
경기도,의왕시
경기도,오전동
경기도,오전동
경기도,의왕시
경기도,오전동
경기도,오전동
경기도,의왕시
경기도,의왕시
경기도,의왕시
경기도,의왕시
경기도,의왕시
경기도,오전동
경기도,오전동
경기도,의왕시
경기도,의왕시
경기도,의왕시
경기도,오전동
경기도,오전동
경기도,의왕시
경기도,오전동
경기도,오전동
경기도,의왕시
경기도,오전동
경기도,안양시
경기도,의왕시
경기도,의왕시
경기도,의왕시
경기도,의왕시
경기도,오전동
경기도,오전동
경기도,오전동
경기도,의왕시
경기도,의왕시
경기도,의왕시
경기도,의왕시
경기도,오전동
경기도,안산시
경기도,안산시
경기도,의왕시
경기도,의왕시
경기도,의왕시
경기도,의왕시
경기도,의왕시
경기도,오전동
경기도,오전동
경기도,의왕시
경기도,의왕시
경기도,의왕시
경기도,의왕시
경기도,의왕시
경기도,의왕시
경기도,의왕시
경기도,의왕시
경기도,의왕시
경기도,의왕시
경기도,의왕시
경기도,의왕시
경기도,의왕시
경기도,의왕시
경기도,의왕시
경기도,의왕시
경기도,의왕시
경기도,의왕시
경기도,의왕시
경기도,의왕시
경기도,의왕시
경기도,의왕시
경기도,의왕시
경기도,의왕시
경기도,의왕시
경기도,안양시
경기도,의왕시
경기도,의왕시
경기도,의왕시
경기도,의왕시
경기도,의왕시
경기도,의왕시
경기도,의왕시
경기도,의왕시
경기도,의왕시
경기도,의왕시
경기도,의왕시
경기도,의왕시
경기도,안산시
경기도,의왕시
경기도,의왕시
경기도,의왕시
경기도,의왕시
경기도,의왕시
경기도,의왕시
경기도,의왕시
경기도,의왕시
경기도,의왕시
경기도,의왕시
경기도,의왕시
경기도,의왕시
경기도,의왕시
경기도,의왕시
경기도,의왕시
경기도,의왕시
경기도,의왕시
경기도,의왕시
경기도,의왕시
경기도,의왕시
경기도,의왕시
경기도,의왕시
경기도,의왕시
경기도,의왕시
경기도,의왕시
경기도,의왕시
경기도,의왕시
경기도,의왕시
경기도,의왕시
경기도,의왕시
경기도,의왕시
경기도,의왕시
경기도,의왕시
경기도,의왕시
경기도,의왕시
경기도,의왕시
경기도,의왕시
경기도,의왕시
경기도,의왕시
경기도,의왕시
경기도,의왕시
경기도,의왕시
경기도,의왕시
경기도,의왕시
경기도,의왕시
경기도,의왕시
경기도,의왕시
경기도,의왕시
경기도,의왕시
경기도,의왕시
경기도,의왕시
경기도,의왕시
경기도,의왕시
경기도,의왕시
경기도,안양시
경기도,의왕시
경기도,의왕시
경기도,의왕시
경기도,의왕시
경기도,의왕시
경기도,의왕시
경기도,의왕시
경기도,의왕시
경기도,의왕시
경기도,의왕시
경기도,의왕시
경기도,의왕시
경기도,화성시
경기도,화성시
경기도,화성시
경기도,화성시
경기도,화성시
경기도,화성시
경기도,화성시
경기도,용인시
경기도,화성시
경기도,화성시
경기도,화성시
경기도,의왕시
경기도,의왕시
경기도,의왕시
경기도,의왕시
경기도,의왕시
경기도,의왕시
경기도,의왕시
경기도,의왕시
경기도,의왕시
경기도,의왕시
경기도,의왕시
경기도,의왕시
경기도,의왕시
경기도,의왕시
경기도,의왕시
경기도,의왕시
경기도,의왕시
경기도,안산시
경기도,수원시
경기도,의왕시
경기도,의왕시
경기도,의왕시
경기도,의왕시
경기도,의왕시
경기도,의왕시
경기도,의왕시
경기도,의왕시
경기도,의왕시
경기도,의왕시
경기도,의왕시
경기도,의왕시
경기도,의왕시
경기도,의왕시
경기도,의왕시
경기도,의왕시
경기도,의왕시
경기도,안양시
경기도,의왕시
경기도,의왕시
경기도,의왕시
경기도,의왕시
경기도,의왕시
경기도,의왕시
경기도,의왕시
경기도,의왕시
경기도,의왕시
경기도,의왕시
경기도,오전동
경기도,의왕시
경기도,안산시
경기도,의왕시
경기도,안양시
경기도,의왕시
경기도,의왕시
경기도,의왕시
경기도,의왕시
경기도,의왕시
경기도,의왕시
경기도,의왕시
경기도,의왕시
경기도,의왕시
경기도,의왕시
경기도,의왕시
경기도,의왕시
경기도,오전동
경기도,의왕시
경기도,의왕시
경기도,의왕시
경기도,의왕시
경기도,오전동
경기도,의왕시
경기도,의왕시
경기도,의왕시
경기도,오전동
경기도,의왕시
경기도,의왕시
경기도,의왕시
경기도,의왕시
경기도,의왕시
경기도,의왕시
경기도,의왕시
경기도,의왕시
경기도,의왕시
경기도,의왕시
경기도,의왕시
경기도,의왕시
경기도,의왕시
경기도,의왕시
경기도,의왕시
경기도,의왕시
경기도,의왕시
경기도,의왕시
경기도,의왕시
경기도,의왕시
경기도,의왕시
경기도,의왕시
경기도,의왕시
경기도,의왕시
경기도,의왕시
경기도,오전동
경기도,의왕시
강원도,원주시
경기도,의왕시
경기도,의왕시
경기도,의왕시
경기도,의왕시
경기도,의왕시
경기도,의왕시
경기도,의왕시
경기도,의왕시
경기도,의왕시
경기도,의왕시
경기도,의왕시
경기도,의왕시
경기도,의왕시
경기도,성남시
경기도,오산시
경기도,오산시
경기도,오산시
경기도,오산시
경기도,평택시
경기도,오산시
경기도,평택시
경기도,오산시
경기도,오산시
경기도,오산시
경기도,오산시
경기도,오산시
경기도,오산시
경기도,오산시
경기도,오산시
경기도,오산시
경기도,오산시
경기도,오산시
경기도,오산시
경기도,오산시
경기도,오산시
경기도,오산시
경기도,오산시
경기도,오산시
경기도,오산시
경기도,오산시
경기도,평택시
경기도,평택시
경기도,평택시
경기도,오산시
경기도,오산시
경기도,오산시
경기도,김포시
경기도,김포시
경기도,김포시
경기도,김포시
경기도,김포시
경기도,김포시
경기도,김포시
경기도,김포시
경기도,김포시
경기도,김포시
경기도,김포시
경기도,김포시
경기도,김포시
경기도,김포시
경기도,김포시
경기도,김포시
경기도,김포시
경기도,김포시
경기도,파주시
경기도,파주시
경기도,파주시
경기도,파주시
경기도,파주시
경기도,파주시
경기도,파주시
경기도,파주시
경기도,파주시
경기도,파주시
경기도,파주시
경기도,파주시
경기도,파주시
경기도,파주시
경기도,파주시
경기도,파주시
경기도,파주시
경기도,파주시
경기도,파주시
경기도,파주시
경기도,파주시
경기도,파주시
경기도,파주시
경기도,파주시
경기도,파주시
경기도,파주시
경기도,파주시
경기도,파주시
경기도,파주시
경기도,파주시
경기도,파주시
경기도,파주시
경기도,김포시
경기도,김포시
경기도,김포시
경기도,김포시
경기도,김포시
경기도,파주시
경기도,파주시
경기도,파주시
경기도,파주시
경기도,파주시
경기도,파주시
경기도,파주시
경기도,파주시
경기도,파주시
경기도,파주시
경기도,파주시
경기도,파주시
경기도,파주시
경기도,파주시
경기도,파주시
경기도,파주시
경기도,파주시
경기도,파주시
경기도,파주시
경기도,파주시
경기도,파주시
경기도,파주시
경기도,파주시
경기도,파주시
경기도,파주시
경기도,파주시
경기도,파주시
경기도,파주시
경기도,파주시
경기도,파주시
경기도,파주시
경기도,파주시
경기도,파주시
경기도,파주시
경기도,파주시
경기도,파주시
경기도,파주시
경기도,파주시
경기도,파주시
경기도,파주시
경기도,파주시
경기도,파주시
경기도,파주시
경기도,파주시
경기도,파주시
경기도,김포시
경기도,김포시
경기도,김포시
경기도,파주시
경기도,파주시
경기도,파주시
경기도,파주시
경기도,파주시
경기도,파주시
경기도,파주시
경기도,파주시
경기도,파주시
경기도,파주시
경기도,파주시
경기도,파주시
경기도,파주시
경기도,파주시
경기도,파주시
경기도,파주시
경기도,파주시
경기도,파주시
경기도,파주시
경기도,파주시
경기도,파주시
경기도,파주시
경기도,파주시
경기도,파주시
경기도,파주시
경기도,파주시
경기도,파주시
경기도,파주시
경기도,파주시
경기도,파주시
경기도,파주시
충청남도,예산군
경기도,파주시
경기도,파주시
경기도,파주시
경기도,파주시
경기도,파주시
경기도,파주시
경기도,파주시
경기도,파주시
경기도,파주시
경기도,파주시
경기도,파주시
경기도,파주시
경기도,파주시
경기도,파주시
경기도,파주시
경기도,파주시
경기도,파주시
경기도,파주시
경기도,파주시
경기도,파주시
경기도,파주시
경기도,파주시
경기도,파주시
경기도,파주시
경기도,파주시
경기도,파주시
경기도,파주시
경기도,파주시
경기도,파주시
경기도,파주시
경기도,파주시
경기도,파주시
경기도,파주시
경기도,파주시
경기도,파주시
경기도,파주시
경기도,파주시
경기도,파주시
경기도,파주시
경기도,파주시
경기도,파주시
경기도,파주시
경기도,파주시
경기도,파주시
경기도,파주시
경기도,파주시
경기도,파주시
경기도,파주시
경기도,파주시
경기도,파주시
경기도,파주시
경기도,파주시
경기도,파주시
경기도,파주시
경기도,파주시
경기도,파주시
경기도,파주시
경기도,파주시
경기도,파주시
경기도,파주시
경기도,파주시
경기도,파주시
경기도,파주시
경기도,파주시
경기도,파주시
경기도,파주시
경기도,파주시
경기도,파주시
경기도,파주시
경기도,파주시
경기도,파주시
경기도,파주시
경기도,파주시
경기도,파주시
경기도,파주시
경기도,파주시
경기도,파주시
경기도,파주시
경기도,파주시
경기도,파주시
경기도,파주시
경기도,파주시
경기도,파주시
경기도,파주시
경기도,파주시
경기도,파주시
경기도,파주시
경기도,파주시
경기도,파주시
경기도,파주시
경기도,파주시
경기도,김포시
경기도,파주시
경기도,용인시
경기도,용인시
경기도,용인시
경기도,용인시
경기도,용인시
경기도,용인시
경기도,용인시
경기도,용인시
경기도,용인시
경기도,용인시
경기도,용인시
경기도,용인시
경기도,용인시
경기도,용인시
경기도,용인시
경기도,용인시
경기도,용인시
경기도,용인시
경기도,용인시
경기도,용인시
경기도,용인시
경기도,용인시
경기도,용인시
경기도,용인시
경기도,용인시
경기도,용인시
경기도,용인시
경기도,용인시
경기도,용인시
경기도,용인시
경기도,용인시
경기도,용인시
경기도,용인시
경기도,용인시
경기도,용인시
경기도,용인시
경기도,용인시
경기도,용인시
경기도,용인시
경기도,용인시
경기도,용인시
경기도,용인시
경기도,용인시
경기도,용인시
경기도,용인시
경기도,용인시
경기도,용인시
경기도,용인시
경기도,용인시
경기도,용인시
경기도,용인시
경기도,용인시
경기도,용인시
경기도,용인시
경기도,용인시
경기도,용인시
경기도,용인시
경기도,용인시
경기도,용인시
경기도,용인시
경기도,용인시
경기도,용인시
경기도,용인시
경기도,용인시
경기도,용인시
경기도,용인시
경기도,용인시
경기도,용인시
경기도,용인시
경기도,용인시
경기도,용인시
경기도,용인시
경기도,용인시
경기도,용인시
경기도,용인시
경기도,용인시
경기도,용인시
경기도,용인시
경기도,용인시
경기도,용인시
경기도,용인시
경기도,용인시
경기도,용인시
경기도,용인시
경기도,용인시
경기도,용인시
경기도,파주시
경기도,파주시
경기도,파주시
경기도,파주시
경기도,파주시
경기도,파주시
경기도,파주시
경기도,파주시
경기도,파주시
경기도,파주시
경기도,파주시
경기도,파주시
경기도,파주시
경기도,파주시
경기도,파주시
경기도,파주시
경기도,파주시
경기도,파주시
경기도,파주시
경기도,파주시
경기도,파주시
경기도,파주시
경기도,파주시
경기도,파주시
경기도,파주시
경기도,파주시
경기도,파주시
경기도,파주시
경기도,파주시
경기도,파주시
경기도,파주시
경기도,파주시
경기도,파주시
경기도,파주시
경기도,파주시
경기도,파주시
경기도,파주시
경기도,파주시
경기도,파주시
경기도,파주시
경기도,파주시
경기도,파주시
경기도,파주시
경기도,파주시
경기도,파주시
경기도,용인시
경기도,용인시
경기도,용인시
경기도,용인시
경기도,용인시
경기도,용인시
경기도,용인시
경기도,용인시
경기도,용인시
경기도,용인시
경기도,용인시
경기도,용인시
경기도,용인시
경기도,용인시
경기도,용인시
경기도,용인시
경기도,수원시
경기도,용인시
경기도,용인시
경기도,용인시
경기도,용인시
경기도,용인시
경기도,용인시
경기도,용인시
경기도,용인시
경기도,용인시
경기도,용인시
경기도,용인시
경기도,용인시
경기도,용인시
경기도,용인시
경기도,용인시
경기도,용인시
경기도,용인시
경기도,용인시
경기도,용인시
경기도,용인시
경기도,용인시
경기도,용인시
경기도,용인시
경기도,용인시
경기도,용인시
경기도,용인시
경기도,용인시
경기도,용인시
경기도,용인시
경기도,용인시
경기도,용인시
경기도,용인시
경기도,용인시
경기도,용인시
경기도,용인시
경기도,용인시
경기도,용인시
경기도,용인시
경기도,용인시
경기도,용인시
경기도,용인시
경기도,용인시
경기도,용인시
경기도,용인시
경기도,용인시
경기도,용인시
경기도,용인시
경기도,용인시
경기도,용인시
경기도,용인시
경기도,용인시
경기도,용인시
경기도,용인시
경기도,용인시
경기도,용인시
경기도,용인시
경기도,용인시
경기도,용인시
경기도,용인시
경기도,용인시
경기도,용인시
경기도,용인시
경기도,용인시
경기도,용인시
경기도,용인시
경기도,용인시
경기도,용인시
경기도,용인시
경기도,용인시
경기도,용인시
경기도,용인시
경기도,용인시
경기도,용인시
경기도,용인시
경기도,용인시
경기도,용인시
경기도,용인시
경기도,용인시
경기도,용인시
경기도,용인시
경기도,용인시
경기도,용인시
경기도,용인시
경기도,용인시
경기도,용인시
경기도,용인시
경기도,용인시
경기도,용인시
경기도,용인시
경기도,용인시
경기도,용인시
경기도,용인시
경기도,용인시
경기도,용인시
경기도,용인시
경기도,용인시
경기도,용인시
경기도,용인시
경기도,용인시
경기도,용인시
경기도,용인시
경기도,용인시
경기도,용인시
경기도,용인시
경기도,용인시
경기도,용인시
경기도,용인시
경기도,용인시
경기도,용인시
경기도,용인시
경기도,용인시
경기도,용인시
경기도,용인시
경기도,용인시
경기도,용인시
경기도,용인시
경기도,용인시
경기도,용인시
경기도,용인시
경기도,용인시
경기도,용인시
경기도,용인시
경기도,용인시
경기도,용인시
경기도,용인시
경기도,용인시
경기도,용인시
경기도,용인시
경기도,용인시
경기도,용인시
경기도,용인시
경기도,용인시
경기도,용인시
경기도,용인시
경기도,용인시
경기도,용인시
경기도,용인시
경기도,용인시
경기도,용인시
경기도,용인시
경기도,용인시
경기도,용인시
경기도,용인시
경기도,용인시
경기도,용인시
경기도,용인시
경기도,용인시
경기도,용인시
경기도,용인시
경기도,용인시
경기도,용인시
경기도,용인시
경기도,용인시
경기도,용인시
경기도,파주시
경기도,파주시
경기도,파주시
경기도,파주시
경기도,파주시
경기도,파주시
경기도,파주시
경기도,파주시
경기도,파주시
경기도,고양시
경기도,고양시
경기도,파주시
경기도,파주시
경기도,파주시
경기도,파주시
경기도,파주시
경기도,파주시
경기도,파주시
경기도,파주시
경기도,파주시
경기도,파주시
경기도,파주시
경기도,파주시
경기도,파주시
경기도,파주시
경기도,파주시
경기도,파주시
경기도,파주시
경기도,파주시
경기도,파주시
경기도,파주시
경기도,파주시
경기도,파주시
경기도,파주시
경기도,파주시
경기도,파주시
경기도,파주시
경기도,파주시
경기도,파주시
경기도,파주시
경기도,파주시
경기도,파주시
경기도,용인시
경기도,용인시
경기도,용인시
경기도,용인시
경기도,용인시
경기도,용인시
경기도,용인시
경기도,용인시
경기도,용인시
경기도,용인시
경기도,용인시
경기도,용인시
경기도,용인시
경기도,용인시
경기도,용인시
경기도,용인시
경기도,용인시
경기도,용인시
경기도,용인시
경기도,용인시
경기도,용인시
경기도,용인시
경기도,용인시
경기도,용인시
경기도,용인시
경기도,용인시
경기도,용인시
경기도,용인시
경기도,용인시
경기도,용인시
경기도,용인시
경기도,용인시
경기도,용인시
경기도,용인시
경기도,용인시
경기도,용인시
경기도,용인시
경기도,용인시
경기도,용인시
경기도,용인시
경기도,용인시
경기도,용인시
경기도,용인시
경기도,용인시
경기도,용인시
경기도,용인시
경기도,수원시
경기도,용인시
경기도,용인시
경기도,용인시
경기도,용인시
경기도,용인시
경기도,용인시
경기도,용인시
경기도,용인시
경기도,용인시
경기도,용인시
경기도,용인시
경기도,용인시
경기도,용인시
경기도,용인시
경기도,용인시
경기도,용인시
경기도,용인시
경기도,용인시
경기도,용인시
경기도,용인시
경기도,용인시
경기도,용인시
경기도,용인시
경기도,용인시
경기도,용인시
경기도,용인시
경기도,용인시
경기도,용인시
경기도,용인시
경기도,용인시
경기도,용인시
경기도,용인시
경기도,용인시
경기도,용인시
경기도,용인시
경기도,용인시
경기도,용인시
경기도,용인시
경기도,용인시
경기도,용인시
경기도,용인시
경기도,용인시
경기도,용인시
경기도,용인시
경기도,용인시
경기도,용인시
경기도,용인시
경기도,용인시
경기도,용인시
경기도,용인시
경기도,용인시
경기도,용인시
경기도,용인시
경기도,용인시
경기도,용인시
경기도,용인시
경기도,용인시
경기도,용인시
경기도,용인시
경기도,용인시
경기도,용인시
경기도,용인시
경기도,용인시
경기도,용인시
경기도,용인시
경기도,용인시
경기도,용인시
경기도,용인시
경기도,용인시
경기도,용인시
경기도,용인시
경기도,용인시
경기도,용인시
경기도,용인시
경기도,용인시
경기도,용인시
경기도,용인시
경기도,용인시
경기도,용인시
경기도,용인시
경기도,용인시
경기도,용인시
경기도,용인시
경기도,용인시
경기도,용인시
경기도,용인시
경기도,용인시
경기도,용인시
경기도,용인시
경기도,용인시
경기도,용인시
경기도,용인시
경기도,용인시
경기도,용인시
경기도,용인시
경기도,용인시
경기도,용인시
경기도,용인시
경기도,수원시
경기도,용인시
경기도,용인시
경기도,용인시
경기도,용인시
경기도,용인시
경기도,용인시
경기도,용인시
경기도,용인시
경기도,용인시
경기도,용인시
경기도,용인시
경기도,용인시
경기도,용인시
경기도,용인시
경기도,용인시
경기도,용인시
경기도,용인시
경기도,용인시
경기도,용인시
경기도,용인시
경기도,용인시
경기도,용인시
경기도,용인시
경기도,용인시
경기도,용인시
경기도,용인시
경기도,용인시
경기도,용인시
경기도,용인시
경기도,용인시
경기도,용인시
경기도,용인시
경기도,용인시
경기도,용인시
경기도,용인시
경기도,용인시
경기도,용인시
경기도,용인시
경기도,용인시
경기도,용인시
경기도,용인시
경기도,용인시
경기도,용인시
경기도,용인시
경기도,용인시
경기도,용인시
경기도,용인시
경기도,용인시
경기도,용인시
경기도,용인시
경기도,용인시
경기도,용인시
경기도,용인시
경기도,용인시
경기도,용인시
경기도,용인시
경기도,용인시
경기도,용인시
경기도,용인시
경기도,용인시
경기도,용인시
경기도,용인시
경기도,용인시
경기도,용인시
경기도,용인시
경기도,용인시
경기도,용인시
경기도,용인시
경기도,용인시
경기도,용인시
경기도,용인시
경기도,용인시
경기도,용인시
경기도,용인시
경기도,용인시
경기도,용인시
경기도,용인시
경기도,용인시
경기도,용인시
경기도,용인시
경기도,용인시
경기도,용인시
경기도,용인시
경기도,용인시
경기도,용인시
경기도,용인시
경기도,용인시
경기도,용인시
경기도,용인시
경기도,용인시
경기도,용인시
경기도,용인시
경기도,용인시
경기도,용인시
경기도,용인시
경기도,용인시
경기도,용인시
경기도,용인시
경기도,용인시
경기도,용인시
경기도,용인시
경기도,용인시
경기도,용인시
경기도,용인시
경기도,용인시
경기도,용인시
경기도,용인시
경기도,용인시
경기도,용인시
경기도,용인시
경기도,용인시
경기도,용인시
경기도,용인시
경기도,용인시
경기도,용인시
경기도,용인시
경기도,용인시
경기도,용인시
경기도,용인시
경기도,용인시
경기도,용인시
경기도,용인시
경기도,용인시
경기도,용인시
경기도,용인시
경기도,용인시
경기도,용인시
경기도,용인시
경기도,용인시
경기도,용인시
경기도,용인시
경기도,용인시
경기도,용인시
경기도,용인시
경기도,용인시
경기도,용인시
경기도,용인시
경기도,용인시
경기도,용인시
경기도,용인시
경기도,용인시
경기도,용인시
경기도,용인시
경기도,용인시
경기도,용인시
경기도,용인시
경기도,용인시
경기도,용인시
경기도,용인시
경기도,용인시
경기도,용인시
경기도,용인시
경기도,용인시
경기도,용인시
경기도,용인시
경기도,용인시
경기도,용인시
경기도,용인시
경기도,용인시
경기도,용인시
경기도,용인시
경기도,용인시
경기도,용인시
경기도,용인시
경기도,용인시
경기도,용인시
경기도,용인시
경기도,용인시
경기도,용인시
경기도,용인시
경기도,용인시
경기도,용인시
경기도,용인시
경기도,용인시
경기도,용인시
경기도,용인시
경기도,용인시
경기도,용인시
경기도,용인시
경기도,용인시
경기도,용인시
경기도,용인시
경기도,용인시
경기도,용인시
경기도,용인시
경기도,용인시
경기도,용인시
경기도,용인시
경기도,용인시
경기도,용인시
경기도,용인시
경기도,용인시
경기도,용인시
경기도,용인시
경기도,용인시
경기도,용인시
경기도,용인시
경기도,용인시
경기도,용인시
경기도,용인시
경기도,용인시
경기도,용인시
경기도,용인시
경기도,용인시
경기도,용인시
경기도,용인시
경기도,용인시
경기도,용인시
경기도,용인시
경기도,용인시
경기도,용인시
경기도,용인시
경기도,용인시
경기도,용인시
경기도,용인시
경기도,용인시
경기도,용인시
경기도,용인시
경기도,용인시
경기도,용인시
경기도,용인시
경기도,용인시
경기도,용인시
경기도,용인시
경기도,용인시
경기도,용인시
경기도,용인시
경기도,용인시
경기도,용인시
경기도,용인시
경기도,용인시
경기도,용인시
경기도,용인시
경기도,용인시
경기도,용인시
경기도,용인시
경기도,용인시
경기도,파주시
경기도,파주시
경기도,파주시
경기도,파주시
경기도,파주시
경기도,파주시
경기도,파주시
경기도,파주시
경기도,파주시
경기도,파주시
경기도,파주시
경기도,파주시
경기도,파주시
경기도,파주시
경기도,파주시
경기도,파주시
경기도,파주시
경기도,파주시
경기도,파주시
경기도,파주시
경기도,파주시
경기도,파주시
경기도,파주시
경기도,파주시
경기도,파주시
경기도,파주시
경기도,파주시
경기도,파주시
경기도,파주시
경기도,파주시
경기도,파주시
경기도,파주시
경기도,파주시
경기도,파주시
경기도,파주시
경기도,파주시
경기도,파주시
경기도,파주시
경기도,파주시
경기도,파주시
경기도,파주시
경기도,파주시
경기도,파주시
경기도,파주시
경기도,파주시
경기도,파주시
경기도,파주시
경기도,파주시
경기도,파주시
경기도,파주시
경기도,파주시
경기도,파주시
경기도,파주시
경기도,파주시
경기도,파주시
경기도,파주시
경기도,파주시
경기도,파주시
경기도,파주시
경기도,파주시
경기도,파주시
경기도,용인시
경기도,용인시
경기도,용인시
경기도,용인시
경기도,용인시
경기도,용인시
경기도,용인시
경기도,용인시
경기도,용인시
경기도,용인시
경기도,용인시
경기도,용인시
경기도,용인시
경기도,용인시
경기도,용인시
경기도,용인시
경기도,용인시
경기도,용인시
경기도,용인시
경기도,용인시
경기도,용인시
경기도,용인시
경기도,용인시
경기도,용인시
경기도,용인시
경기도,용인시
경기도,용인시
경기도,용인시
경기도,용인시
경기도,용인시
경기도,용인시
경기도,용인시
경기도,파주시
경기도,파주시
경기도,파주시
경기도,파주시
경기도,파주시
경기도,파주시
경기도,파주시
경기도,파주시
경기도,파주시
경기도,파주시
경기도,파주시
경기도,파주시
경기도,파주시
경기도,파주시
경기도,파주시
경기도,파주시
경기도,파주시
경기도,파주시
경기도,파주시
경기도,파주시
경기도,파주시
경기도,파주시
경기도,파주시
경기도,파주시
경기도,파주시
경기도,파주시
경기도,파주시
경기도,파주시
경기도,파주시
경기도,파주시
경기도,파주시
경기도,파주시
경기도,파주시
경기도,파주시
경기도,파주시
경기도,파주시
경기도,파주시
경기도,파주시
경기도,파주시
경기도,파주시
경기도,파주시
경기도,파주시
경기도,파주시
경기도,파주시
경기도,파주시
경기도,파주시
경기도,파주시
경기도,파주시
경기도,파주시
경기도,파주시
경기도,파주시
경기도,파주시
경기도,파주시
경기도,파주시
경기도,파주시
경기도,파주시
경기도,파주시
경기도,파주시
경기도,파주시
경기도,파주시
경기도,파주시
경기도,파주시
경기도,파주시
경기도,파주시
경기도,파주시
경기도,파주시
경기도,파주시
경기도,파주시
경기도,파주시
경기도,파주시
경기도,파주시
경기도,파주시
경기도,파주시
경기도,파주시
경기도,파주시
경기도,파주시
경기도,파주시
경기도,파주시
경기도,파주시
경기도,파주시
경기도,파주시
경기도,파주시
경기도,파주시
경기도,파주시
경기도,파주시
경기도,파주시
경기도,파주시
경기도,파주시
경기도,용인시
경기도,광주시
경기도,용인시
경기도,용인시
경기도,용인시
경기도,용인시
경기도,용인시
경기도,용인시
경기도,용인시
경기도,용인시
경기도,용인시
경기도,용인시
경기도,용인시
경기도,용인시
경기도,용인시
경기도,용인시
경기도,용인시
경기도,용인시
경기도,용인시
경기도,용인시
경기도,용인시
경기도,용인시
경기도,용인시
경기도,용인시
경기도,용인시
경기도,용인시
경기도,용인시
경기도,용인시
경기도,용인시
경기도,용인시
경기도,용인시
경기도,용인시
경기도,용인시
경기도,용인시
경기도,용인시
경기도,용인시
경기도,용인시
경기도,용인시
경기도,용인시
경기도,용인시
경기도,용인시
경기도,용인시
경기도,용인시
경기도,용인시
경기도,용인시
경기도,용인시
경기도,용인시
경기도,용인시
경기도,용인시
경기도,용인시
경기도,용인시
경기도,용인시
경기도,용인시
경기도,용인시
경기도,용인시
경기도,파주시
경기도,파주시
경기도,파주시
경기도,파주시
경기도,파주시
경기도,파주시
경기도,파주시
경기도,파주시
경기도,파주시
경기도,파주시
경기도,파주시
경기도,파주시
경기도,파주시
경기도,파주시
경기도,파주시
경기도,파주시
경기도,파주시
경기도,파주시
경기도,파주시
경기도,파주시
경기도,파주시
경기도,파주시
경기도,파주시
경기도,파주시
경기도,파주시
경기도,파주시
경기도,파주시
경기도,파주시
경기도,파주시
경기도,파주시
경기도,파주시
경기도,파주시
경기도,파주시
경기도,파주시
경기도,파주시
경기도,파주시
경기도,파주시
경기도,파주시
경기도,파주시
경기도,파주시
경기도,파주시
경기도,파주시
경기도,파주시
경기도,파주시
경기도,파주시
경기도,파주시
경기도,파주시
경기도,파주시
경기도,파주시
경기도,파주시
경기도,파주시
경기도,파주시
경기도,파주시
경기도,파주시
경기도,파주시
경기도,파주시
경기도,파주시
경기도,파주시
경기도,파주시
경기도,파주시
경기도,파주시
경기도,파주시
경기도,파주시
경기도,파주시
경기도,파주시
경기도,파주시
경기도,파주시
경기도,파주시
경기도,파주시
경기도,파주시
경기도,파주시
경기도,파주시
경기도,파주시
경기도,파주시
경기도,파주시
경기도,파주시
경기도,파주시
경기도,파주시
경기도,파주시
경기도,파주시
경기도,파주시
경기도,파주시
경기도,파주시
경기도,파주시
경기도,파주시
경기도,파주시
경기도,파주시
경기도,파주시
경기도,파주시
경기도,용인시
경기도,용인시
경기도,용인시
경기도,용인시
경기도,용인시
경기도,용인시
경기도,용인시
경기도,용인시
경기도,용인시
경기도,이천시
경기도,용인시
경기도,용인시
경기도,용인시
경기도,용인시
경기도,용인시
경기도,용인시
경기도,용인시
경기도,용인시
경기도,용인시
경기도,용인시
경기도,용인시
경기도,용인시
경기도,용인시
경기도,용인시
경기도,용인시
경기도,용인시
경기도,용인시
경기도,용인시
경기도,용인시
경기도,용인시
경기도,용인시
경기도,용인시
경기도,용인시
경기도,용인시
경기도,용인시
경기도,용인시
경기도,용인시
경기도,용인시
경기도,용인시
경기도,용인시
경기도,용인시
경기도,용인시
경기도,파주시
경기도,파주시
경기도,파주시
경기도,파주시
경기도,파주시
경기도,파주시
경기도,파주시
경기도,파주시
경기도,파주시
경기도,파주시
경기도,파주시
경기도,파주시
경기도,파주시
경기도,파주시
경기도,파주시
경기도,파주시
경기도,파주시
경기도,파주시
경기도,파주시
경기도,파주시
경기도,파주시
경기도,파주시
경기도,파주시
경기도,파주시
경기도,파주시
경기도,파주시
경기도,파주시
경기도,파주시
경기도,파주시
경기도,파주시
경기도,파주시
경기도,파주시
경기도,파주시
경기도,파주시
경기도,파주시
경기도,파주시
경기도,파주시
경기도,파주시
경기도,파주시
경기도,파주시
경기도,파주시
경기도,파주시
경기도,파주시
경기도,파주시
경기도,파주시
경기도,파주시
경기도,파주시
경기도,파주시
경기도,파주시
경기도,파주시
경기도,파주시
경기도,파주시
경기도,파주시
경기도,파주시
경기도,파주시
경기도,파주시
경기도,고양시
경기도,파주시
경기도,파주시
경기도,파주시
경기도,파주시
경기도,파주시
경기도,파주시
경기도,파주시
경기도,파주시
경기도,파주시
경기도,파주시
경기도,파주시
경기도,파주시
경기도,파주시
경기도,파주시
경기도,파주시
경기도,파주시
경기도,파주시
경기도,파주시
경기도,파주시
경기도,파주시
경기도,파주시
경기도,파주시
경기도,파주시
경기도,파주시
경기도,파주시
경기도,파주시
경기도,파주시
경기도,파주시
경기도,파주시
경기도,파주시
경기도,파주시
경기도,파주시
경기도,용인시
경기도,용인시
경기도,용인시
경기도,용인시
경기도,용인시
경기도,용인시
경기도,용인시
경기도,용인시
경기도,용인시
경기도,용인시
경기도,용인시
경기도,용인시
경기도,용인시
경기도,용인시
경기도,용인시
경기도,용인시
경기도,용인시
경기도,용인시
경기도,용인시
경기도,용인시
경기도,용인시
경기도,용인시
경기도,용인시
경기도,용인시
경기도,용인시
경기도,용인시
경기도,용인시
경기도,용인시
경기도,용인시
경기도,용인시
경기도,용인시
경기도,용인시
경기도,용인시
경기도,용인시
경기도,용인시
경기도,용인시
경기도,용인시
경기도,용인시
경기도,용인시
경기도,용인시
경기도,용인시
경기도,용인시
경기도,용인시
경기도,파주시
경기도,파주시
경기도,파주시
경기도,파주시
경기도,파주시
경기도,파주시
경기도,파주시
경기도,파주시
경기도,파주시
경기도,파주시
경기도,파주시
경기도,파주시
경기도,파주시
경기도,파주시
경기도,파주시
경기도,파주시
경기도,파주시
경기도,파주시
경기도,파주시
경기도,파주시
경기도,파주시
경기도,파주시
경기도,파주시
경기도,파주시
경기도,파주시
경기도,파주시
경기도,파주시
경기도,파주시
경기도,파주시
경기도,파주시
경기도,파주시
경기도,파주시
경기도,파주시
경기도,파주시
경기도,파주시
경기도,파주시
경기도,파주시
경기도,파주시
경기도,파주시
경기도,파주시
경기도,파주시
경기도,파주시
경기도,파주시
경기도,파주시
경기도,파주시
경기도,파주시
경기도,파주시
경기도,파주시
경기도,파주시
경기도,파주시
경기도,파주시
경기도,파주시
경기도,파주시
경기도,파주시
경기도,파주시
경기도,파주시
경기도,파주시
경기도,파주시
경기도,파주시
경기도,파주시
경기도,파주시
경기도,파주시
경기도,파주시
경기도,파주시
경기도,파주시
경기도,파주시
경기도,파주시
경기도,파주시
경기도,파주시
경기도,파주시
경기도,파주시
경기도,파주시
경기도,파주시
경기도,파주시
경기도,파주시
경기도,파주시
경기도,파주시
경기도,파주시
경기도,파주시
경기도,파주시
경기도,파주시
경기도,파주시
경기도,파주시
경기도,파주시
경기도,파주시
경기도,파주시
경기도,파주시
경기도,파주시
경기도,파주시
경기도,용인시
경기도,용인시
경기도,용인시
경기도,용인시
경기도,용인시
경기도,용인시
경기도,용인시
경기도,용인시
경기도,용인시
경기도,용인시
경기도,용인시
경기도,용인시
경기도,용인시
경기도,용인시
경기도,용인시
경기도,용인시
경기도,용인시
경기도,용인시
경기도,용인시
경기도,용인시
경기도,용인시
경기도,용인시
경기도,용인시
경기도,용인시
경기도,용인시
경기도,용인시
경기도,용인시
경기도,용인시
경기도,용인시
경기도,용인시
경기도,용인시
경기도,용인시
경기도,용인시
경기도,용인시
경기도,용인시
경기도,용인시
경기도,용인시
경기도,용인시
경기도,용인시
경기도,용인시
경기도,용인시
경기도,용인시
경기도,용인시
경기도,파주시
경기도,파주시
경기도,파주시
경기도,파주시
경기도,파주시
경기도,파주시
경기도,파주시
경기도,파주시
경기도,파주시
경기도,파주시
경기도,파주시
경기도,파주시
경기도,파주시
경기도,파주시
경기도,파주시
경기도,파주시
경기도,파주시
경기도,파주시
경기도,파주시
경기도,파주시
경기도,파주시
경기도,파주시
경기도,파주시
경기도,파주시
경기도,파주시
경기도,파주시
경기도,파주시
경기도,파주시
경기도,파주시
경기도,파주시
경기도,파주시
경기도,파주시
경기도,파주시
경기도,파주시
경기도,파주시
경기도,파주시
경기도,파주시
경기도,파주시
경기도,파주시
경기도,파주시
경기도,파주시
경기도,파주시
경기도,파주시
경기도,파주시
경기도,파주시
경기도,파주시
경기도,파주시
경기도,파주시
경기도,파주시
경기도,파주시
경기도,파주시
경기도,파주시
경기도,파주시
경기도,파주시
경기도,파주시
경기도,파주시
경기도,파주시
경기도,파주시
경기도,파주시
경기도,파주시
경기도,고양시
경기도,파주시
경기도,파주시
경기도,파주시
경기도,파주시
경기도,파주시
경기도,파주시
경기도,파주시
경기도,파주시
경기도,파주시
경기도,파주시
경기도,파주시
경기도,파주시
경기도,파주시
경기도,파주시
경기도,파주시
경기도,파주시
경기도,파주시
경기도,파주시
경기도,파주시
경기도,파주시
경기도,파주시
경기도,파주시
경기도,파주시
경기도,파주시
경기도,파주시
경기도,파주시
경기도,파주시
경기도,파주시
경기도,용인시
경기도,용인시
경기도,용인시
경기도,용인시
경기도,용인시
경기도,용인시
경기도,용인시
경기도,용인시
경기도,용인시
경기도,용인시
경기도,용인시
경기도,용인시
경기도,용인시
경기도,용인시
경기도,용인시
경기도,용인시
경기도,용인시
경기도,용인시
경기도,용인시
경기도,용인시
경기도,용인시
경기도,용인시
경기도,용인시
경기도,용인시
경기도,용인시
경기도,용인시
경기도,용인시
경기도,용인시
경기도,용인시
경기도,용인시
경기도,용인시
경기도,용인시
경기도,용인시
경기도,용인시
경기도,용인시
경기도,용인시
경기도,용인시
경기도,용인시
경기도,용인시
경기도,용인시
경기도,용인시
경기도,용인시
경기도,용인시
경기도,용인시
경기도,용인시
경기도,용인시
경기도,용인시
경기도,용인시
경기도,용인시
경기도,용인시
경기도,용인시
경기도,용인시
경기도,용인시
경기도,용인시
경기도,용인시
경기도,용인시
경기도,파주시
경기도,파주시
경기도,파주시
경기도,파주시
경기도,파주시
경기도,파주시
경기도,파주시
경기도,파주시
경기도,파주시
경기도,파주시
경기도,파주시
경기도,파주시
경기도,파주시
경기도,파주시
경기도,파주시
경기도,파주시
경기도,파주시
경기도,파주시
경기도,파주시
경기도,파주시
경기도,파주시
경기도,파주시
경기도,파주시
경기도,파주시
경기도,파주시
경기도,파주시
경기도,파주시
경기도,파주시
경기도,파주시
경기도,파주시
경기도,파주시
경기도,파주시
경기도,파주시
경기도,파주시
경기도,파주시
경기도,파주시
경기도,파주시
경기도,파주시
경기도,파주시
경기도,파주시
경기도,파주시
경기도,파주시
경기도,파주시
경기도,파주시
경기도,파주시
경기도,파주시
경기도,파주시
경기도,파주시
경기도,파주시
경기도,파주시
경기도,파주시
경기도,파주시
경기도,파주시
경기도,파주시
경기도,파주시
경기도,파주시
경기도,파주시
경기도,파주시
경기도,파주시
경기도,파주시
경기도,파주시
경기도,파주시
경기도,파주시
경기도,파주시
경기도,파주시
경기도,파주시
경기도,파주시
경기도,파주시
경기도,파주시
경기도,파주시
경기도,파주시
경기도,파주시
경기도,파주시
경기도,파주시
경기도,파주시
경기도,파주시
경기도,파주시
경기도,파주시
경기도,파주시
경기도,파주시
경기도,파주시
경기도,파주시
경기도,파주시
경기도,파주시
경기도,파주시
경기도,파주시
경기도,파주시
경기도,용인시
경기도,용인시
경기도,용인시
경기도,용인시
경기도,용인시
경기도,용인시
경기도,용인시
경기도,용인시
경기도,용인시
경기도,용인시
경기도,용인시
경기도,용인시
경기도,용인시
경기도,용인시
경기도,용인시
경기도,용인시
경기도,용인시
경기도,용인시
경기도,용인시
경기도,용인시
경기도,용인시
경기도,용인시
경기도,용인시
경기도,용인시
경기도,용인시
경기도,용인시
경기도,용인시
경기도,용인시
경기도,용인시
경기도,용인시
경기도,용인시
경기도,용인시
경기도,용인시
경기도,용인시
경기도,용인시
경기도,용인시
경기도,용인시
경기도,용인시
경기도,용인시
경기도,용인시
경기도,용인시
경기도,용인시
경기도,용인시
경기도,용인시
경기도,용인시
경기도,용인시
경기도,용인시
경기도,용인시
경기도,용인시
경기도,용인시
경기도,용인시
경기도,용인시
경기도,용인시
경기도,용인시
경기도,용인시
경기도,용인시
경기도,용인시
경기도,용인시
경기도,용인시
경기도,용인시
경기도,용인시
경기도,용인시
경기도,용인시
경기도,용인시
경기도,용인시
경기도,용인시
경기도,용인시
경기도,용인시
경기도,용인시
경기도,용인시
경기도,용인시
경기도,용인시
경기도,용인시
경기도,용인시
경기도,용인시
경기도,용인시
경기도,용인시
경기도,용인시
경기도,용인시
경기도,용인시
경기도,용인시
경기도,용인시
경기도,용인시
경기도,용인시
경기도,용인시
경기도,용인시
경기도,파주시
경기도,파주시
경기도,파주시
경기도,파주시
경기도,파주시
경기도,파주시
경기도,파주시
경기도,파주시
경기도,파주시
경기도,파주시
경기도,파주시
경기도,파주시
경기도,파주시
경기도,파주시
경기도,파주시
경기도,파주시
경기도,파주시
경기도,파주시
경기도,파주시
경기도,파주시
경기도,파주시
경기도,파주시
경기도,파주시
경기도,파주시
경기도,파주시
경기도,파주시
경기도,파주시
경기도,파주시
경기도,파주시
경기도,파주시
경기도,파주시
경기도,파주시
경기도,파주시
경기도,파주시
경기도,파주시
경기도,파주시
경기도,파주시
경기도,파주시
경기도,파주시
경기도,파주시
경기도,파주시
경기도,파주시
경기도,파주시
경기도,파주시
경기도,파주시
경기도,파주시
경기도,파주시
경기도,파주시
경기도,파주시
경기도,파주시
경기도,파주시
경기도,파주시
경기도,파주시
경기도,파주시
경기도,파주시
경기도,파주시
경기도,파주시
경기도,파주시
경기도,파주시
경기도,파주시
경기도,파주시
경기도,파주시
경기도,파주시
경기도,파주시
경기도,파주시
경기도,파주시
경기도,파주시
경기도,파주시
경기도,파주시
경기도,파주시
경기도,파주시
경기도,파주시
경기도,파주시
경기도,파주시
경기도,파주시
경기도,파주시
경기도,파주시
경기도,파주시
경기도,파주시
경기도,파주시
경기도,파주시
경기도,파주시
경기도,파주시
경기도,파주시
경기도,파주시
경기도,파주시
경기도,파주시
경기도,파주시
경기도,파주시
경기도,용인시
경기도,용인시
경기도,용인시
경기도,용인시
경기도,용인시
경기도,용인시
경기도,용인시
경기도,용인시
경기도,용인시
경기도,용인시
경기도,용인시
경기도,용인시
경기도,용인시
경기도,용인시
경기도,용인시
경기도,용인시
경기도,안성시
경기도,용인시
경기도,용인시
경기도,용인시
경기도,용인시
경기도,용인시
경기도,용인시
경기도,수원시
경기도,용인시
경기도,용인시
경기도,용인시
경기도,용인시
경기도,용인시
경기도,용인시
경기도,용인시
경기도,용인시
경기도,용인시
경기도,용인시
경기도,용인시
경기도,용인시
경기도,용인시
경기도,용인시
경기도,용인시
경기도,용인시
경기도,용인시
경기도,용인시
경기도,용인시
경기도,용인시
경기도,용인시
경기도,용인시
경기도,용인시
경기도,용인시
경기도,용인시
경기도,용인시
경기도,용인시
경기도,용인시
경기도,용인시
경기도,용인시
경기도,용인시
경기도,용인시
경기도,용인시
경기도,용인시
경기도,용인시
경기도,용인시
경기도,용인시
경기도,용인시
경기도,용인시
경기도,용인시
경기도,용인시
경기도,용인시
경기도,용인시
경기도,용인시
경기도,용인시
경기도,용인시
경기도,용인시
경기도,용인시
경기도,용인시
경기도,용인시
경기도,용인시
경기도,용인시
경기도,용인시
경기도,용인시
경기도,용인시
경기도,용인시
경기도,용인시
경기도,용인시
경기도,용인시
경기도,용인시
경기도,용인시
경기도,용인시
경기도,파주시
경기도,파주시
경기도,파주시
경기도,파주시
경기도,파주시
경기도,파주시
경기도,파주시
경기도,파주시
경기도,파주시
경기도,파주시
경기도,파주시
경기도,파주시
경기도,파주시
경기도,파주시
경기도,파주시
경기도,파주시
경기도,파주시
경기도,파주시
경기도,파주시
경기도,파주시
경기도,파주시
경기도,파주시
경기도,파주시
경기도,파주시
경기도,파주시
경기도,파주시
경기도,파주시
경기도,파주시
경기도,파주시
경기도,파주시
경기도,파주시
경기도,파주시
경기도,파주시
경기도,파주시
경기도,파주시
경기도,파주시
경기도,파주시
경기도,파주시
경기도,파주시
경기도,파주시
경기도,파주시
경기도,파주시
경기도,파주시
경기도,파주시
경기도,파주시
경기도,파주시
경기도,파주시
경기도,파주시
경기도,파주시
경기도,파주시
경기도,파주시
경기도,파주시
경기도,파주시
경기도,파주시
경기도,파주시
경기도,파주시
경기도,파주시
경기도,파주시
경기도,파주시
경기도,파주시
경기도,파주시
경기도,파주시
경기도,파주시
경기도,파주시
경기도,파주시
경기도,파주시
경기도,파주시
경기도,파주시
경기도,파주시
경기도,파주시
경기도,파주시
경기도,파주시
경기도,파주시
경기도,파주시
경기도,파주시
경기도,파주시
경기도,파주시
경기도,파주시
경기도,파주시
경기도,파주시
경기도,파주시
경기도,파주시
경기도,파주시
경기도,파주시
경기도,파주시
경기도,파주시
경기도,파주시
경기도,파주시
경기도,파주시
경기도,파주시
경기도,용인시
경기도,용인시
경기도,용인시
경기도,용인시
경기도,용인시
경기도,용인시
경기도,용인시
경기도,용인시
경기도,용인시
경기도,용인시
경기도,용인시
경기도,용인시
경기도,용인시
경기도,용인시
경기도,용인시
경기도,용인시
경기도,용인시
경기도,용인시
경기도,용인시
경기도,용인시
경기도,용인시
경기도,용인시
경기도,용인시
경기도,용인시
경기도,용인시
경기도,용인시
경기도,용인시
경기도,용인시
경기도,용인시
경기도,용인시
경기도,용인시
경기도,용인시
경기도,용인시
경기도,용인시
경기도,용인시
경기도,수원시
경기도,용인시
경기도,용인시
경기도,용인시
경기도,용인시
경기도,용인시
경기도,용인시
경기도,용인시
경기도,용인시
경기도,용인시
경기도,용인시
경기도,용인시
경기도,용인시
경기도,용인시
경기도,용인시
경기도,용인시
경기도,용인시
경기도,용인시
경기도,용인시
경기도,용인시
경기도,용인시
경기도,용인시
경기도,용인시
경기도,용인시
경기도,용인시
경기도,용인시
경기도,용인시
경기도,용인시
경기도,용인시
경기도,용인시
경기도,용인시
경기도,용인시
경기도,용인시
경기도,용인시
경기도,용인시
경기도,용인시
경기도,용인시
경기도,용인시
경기도,용인시
경기도,용인시
경기도,용인시
경기도,용인시
경기도,용인시
경기도,용인시
경기도,용인시
경기도,용인시
경기도,용인시
경기도,용인시
경기도,용인시
경기도,용인시
경기도,용인시
경기도,용인시
경기도,용인시
경기도,용인시
경기도,용인시
경기도,용인시
경기도,용인시
경기도,용인시
경기도,용인시
경기도,용인시
경기도,용인시
경기도,파주시
경기도,파주시
경기도,파주시
경기도,파주시
경기도,파주시
경기도,파주시
경기도,파주시
경기도,파주시
경기도,파주시
경기도,파주시
경기도,파주시
경기도,파주시
경기도,파주시
경기도,파주시
경기도,파주시
경기도,파주시
경기도,파주시
경기도,파주시
경기도,파주시
경기도,파주시
경기도,파주시
경기도,파주시
경기도,파주시
경기도,파주시
경기도,파주시
경기도,파주시
경기도,파주시
경기도,파주시
경기도,파주시
경기도,파주시
경기도,파주시
경기도,파주시
경기도,파주시
경기도,파주시
경기도,파주시
경기도,파주시
경기도,파주시
경기도,파주시
경기도,파주시
경기도,파주시
경기도,파주시
경기도,파주시
경기도,파주시
경기도,파주시
경기도,파주시
경기도,파주시
경기도,파주시
경기도,파주시
경기도,파주시
경기도,용인시
경기도,용인시
경기도,용인시
경기도,용인시
경기도,수원시
경기도,용인시
경기도,용인시
경기도,용인시
경기도,용인시
경기도,용인시
경기도,용인시
경기도,용인시
경기도,용인시
경기도,용인시
경기도,용인시
경기도,용인시
경기도,용인시
경기도,용인시
경기도,용인시
경기도,용인시
경기도,용인시
경기도,용인시
경기도,용인시
경기도,용인시
경기도,용인시
경기도,용인시
경기도,용인시
경기도,용인시
경기도,용인시
경기도,용인시
경기도,용인시
경기도,용인시
경기도,용인시
경기도,용인시
경기도,용인시
경기도,용인시
경기도,용인시
경기도,용인시
경기도,용인시
경기도,용인시
경기도,용인시
경기도,용인시
경기도,용인시
경기도,수원시
경기도,수원시
경기도,수원시
경기도,수원시
경기도,용인시
경기도,용인시
경기도,용인시
경기도,용인시
경기도,용인시
경기도,용인시
경기도,용인시
경기도,용인시
경기도,용인시
경기도,용인시
경기도,용인시
경기도,용인시
경기도,용인시
경기도,용인시
경기도,용인시
경기도,용인시
경기도,용인시
경기도,용인시
경기도,용인시
경기도,성남시
경기도,용인시
경기도,용인시
경기도,용인시
경기도,용인시
경기도,용인시
경기도,용인시
경기도,용인시
경기도,용인시
경기도,용인시
경기도,용인시
경기도,용인시
경기도,용인시
경기도,용인시
경기도,용인시
경기도,용인시
경기도,용인시
경기도,용인시
경기도,용인시
경기도,용인시
경기도,용인시
경기도,용인시
경기도,용인시
경기도,용인시
경기도,용인시
경기도,용인시
경기도,용인시
경기도,용인시
경기도,용인시
경기도,용인시
경기도,용인시
경기도,용인시
경기도,용인시
경기도,용인시
경기도,용인시
경기도,용인시
경기도,용인시
경기도,용인시
경기도,용인시
경기도,용인시
경기도,용인시
경기도,용인시
경기도,용인시
경기도,용인시
경기도,용인시
경기도,용인시
경기도,용인시
경기도,용인시
경기도,용인시
경기도,용인시
경기도,용인시
경기도,용인시
경기도,용인시
경기도,용인시
경기도,용인시
경기도,용인시
경기도,용인시
경기도,용인시
경기도,용인시
경기도,용인시
경기도,용인시
경기도,용인시
경기도,용인시
경기도,용인시
경기도,용인시
경기도,용인시
경기도,용인시
경기도,용인시
경기도,용인시
경기도,용인시
경기도,용인시
경기도,용인시
경기도,용인시
경기도,용인시
경기도,용인시
경기도,용인시
경기도,용인시
경기도,용인시
경기도,용인시
경기도,용인시
경기도,용인시
경기도,용인시
경기도,용인시
경기도,용인시
경기도,용인시
경기도,용인시
경기도,용인시
경기도,용인시
경기도,용인시
경기도,용인시
경기도,용인시
경기도,용인시
경기도,용인시
경기도,용인시
경기도,용인시
경기도,용인시
경기도,용인시
경기도,용인시
경기도,용인시
경기도,용인시
경기도,용인시
경기도,파주시
경기도,파주시
경기도,파주시
경기도,파주시
경기도,파주시
경기도,파주시
경기도,파주시
경기도,파주시
경기도,파주시
경기도,파주시
경기도,파주시
경기도,파주시
경기도,파주시
경기도,파주시
경기도,파주시
경기도,파주시
경기도,파주시
경기도,파주시
경기도,파주시
경기도,파주시
경기도,파주시
경기도,양주시
경기도,파주시
경기도,파주시
경기도,파주시
경기도,파주시
경기도,파주시
경기도,파주시
경기도,파주시
경기도,파주시
경기도,파주시
경기도,파주시
경기도,파주시
경기도,파주시
경기도,파주시
경기도,파주시
경기도,파주시
경기도,파주시
경기도,파주시
경기도,파주시
경기도,파주시
경기도,파주시
경기도,파주시
경기도,파주시
경기도,용인시
경기도,용인시
경기도,용인시
경기도,용인시
경기도,용인시
경기도,용인시
경기도,용인시
경기도,용인시
경기도,용인시
경기도,용인시
경기도,용인시
경기도,용인시
경기도,용인시
경기도,용인시
경기도,용인시
경기도,용인시
경기도,용인시
경기도,용인시
경기도,용인시
경기도,용인시
경기도,용인시
경기도,용인시
경기도,용인시
경기도,용인시
경기도,용인시
경기도,용인시
경기도,용인시
경기도,용인시
경기도,용인시
경기도,용인시
경기도,용인시
경기도,용인시
경기도,용인시
경기도,용인시
경기도,용인시
경기도,용인시
경기도,용인시
경기도,용인시
경기도,용인시
경기도,용인시
경기도,용인시
경기도,용인시
경기도,용인시
경기도,용인시
경기도,용인시
경기도,용인시
경기도,용인시
경기도,용인시
경기도,용인시
경기도,용인시
경기도,용인시
경기도,용인시
경기도,용인시
경기도,용인시
경기도,용인시
경기도,용인시
경기도,용인시
경기도,용인시
경기도,용인시
경기도,용인시
경기도,용인시
경기도,용인시
경기도,용인시
경기도,용인시
경기도,용인시
경기도,용인시
경기도,용인시
경기도,용인시
경기도,용인시
경기도,용인시
경기도,용인시
경기도,용인시
경기도,용인시
경기도,용인시
경기도,용인시
경기도,용인시
경기도,용인시
경기도,용인시
경기도,용인시
경기도,용인시
경기도,용인시
경기도,용인시
경기도,용인시
경기도,용인시
경기도,용인시
경기도,용인시
경기도,용인시
경기도,용인시
경기도,용인시
경기도,용인시
경기도,용인시
경기도,용인시
경기도,용인시
경기도,용인시
경기도,용인시
경기도,용인시
경기도,용인시
경기도,용인시
경기도,용인시
경기도,용인시
경기도,용인시
경기도,용인시
경기도,용인시
경기도,용인시
경기도,용인시
경기도,용인시
경기도,용인시
경기도,용인시
경기도,용인시
경기도,용인시
경기도,용인시
경기도,용인시
경기도,용인시
경기도,용인시
경기도,용인시
경기도,용인시
경기도,용인시
경기도,용인시
경기도,용인시
경기도,용인시
경기도,용인시
경기도,용인시
경기도,용인시
경기도,용인시
경기도,용인시
경기도,용인시
경기도,용인시
경기도,용인시
경기도,용인시
경기도,용인시
경기도,용인시
경기도,성남시
경기도,용인시
경기도,용인시
경기도,용인시
경기도,용인시
경기도,용인시
경기도,용인시
경기도,용인시
경기도,용인시
경기도,용인시
경기도,용인시
경기도,용인시
경기도,용인시
경기도,용인시
경기도,용인시
경기도,용인시
경기도,용인시
경기도,용인시
경기도,용인시
경기도,용인시
경기도,용인시
경기도,용인시
경기도,용인시
경기도,용인시
경기도,용인시
경기도,용인시
경기도,용인시
경기도,용인시
경기도,용인시
경기도,용인시
경기도,용인시
경기도,용인시
경기도,용인시
경기도,용인시
경기도,용인시
경기도,용인시
경기도,용인시
경기도,용인시
경기도,용인시
경기도,용인시
경기도,용인시
경기도,파주시
경기도,파주시
경기도,파주시
경기도,파주시
경기도,파주시
경기도,파주시
경기도,파주시
경기도,파주시
경기도,파주시
경기도,파주시
경기도,파주시
경기도,파주시
경기도,파주시
경기도,파주시
경기도,파주시
경기도,파주시
경기도,파주시
경기도,파주시
경기도,파주시
경기도,파주시
경기도,파주시
경기도,파주시
경기도,파주시
경기도,파주시
경기도,파주시
경기도,파주시
경기도,파주시
경기도,파주시
경기도,파주시
경기도,파주시
경기도,파주시
경기도,파주시
경기도,파주시
경기도,파주시
경기도,파주시
경기도,파주시
경기도,파주시
경기도,파주시
경기도,파주시
경기도,파주시
경기도,파주시
경기도,파주시
경기도,파주시
경기도,파주시
경기도,파주시
경기도,용인시
경기도,용인시
경기도,용인시
경기도,용인시
경기도,용인시
경기도,용인시
경기도,용인시
경기도,용인시
경기도,용인시
경기도,용인시
경기도,용인시
경기도,용인시
경기도,용인시
경기도,용인시
경기도,용인시
경기도,용인시
경기도,용인시
경기도,용인시
경기도,용인시
경기도,용인시
경기도,용인시
경기도,용인시
경기도,용인시
경기도,용인시
경기도,용인시
경기도,용인시
경기도,용인시
경기도,용인시
경기도,용인시
경기도,용인시
경기도,용인시
경기도,용인시
경기도,용인시
경기도,용인시
경기도,용인시
경기도,용인시
경기도,용인시
경기도,용인시
경기도,용인시
경기도,용인시
경기도,용인시
경기도,용인시
경기도,용인시
경기도,용인시
경기도,용인시
경기도,용인시
경기도,용인시
경기도,용인시
경기도,용인시
경기도,용인시
경기도,용인시
경기도,용인시
경기도,용인시
경기도,용인시
경기도,용인시
경기도,용인시
경기도,용인시
경기도,용인시
경기도,용인시
경기도,용인시
경기도,용인시
경기도,용인시
경기도,용인시
경기도,용인시
경기도,용인시
경기도,용인시
경기도,용인시
경기도,용인시
경기도,용인시
경기도,용인시
경기도,용인시
경기도,용인시
경기도,용인시
경기도,용인시
경기도,용인시
경기도,용인시
경기도,용인시
경기도,용인시
경기도,용인시
경기도,용인시
경기도,용인시
경기도,용인시
경기도,용인시
경기도,용인시
경기도,용인시
경기도,용인시
경기도,용인시
경기도,용인시
경기도,용인시
경기도,용인시
경기도,용인시
경기도,용인시
경기도,용인시
경기도,용인시
경기도,용인시
경기도,용인시
경기도,용인시
경기도,용인시
경기도,용인시
경기도,용인시
경기도,용인시
경기도,용인시
경기도,용인시
경기도,용인시
경기도,용인시
경기도,용인시
경기도,용인시
경기도,용인시
경기도,용인시
경기도,용인시
경기도,용인시
경기도,용인시
경기도,용인시
경기도,용인시
경기도,용인시
경기도,용인시
경기도,용인시
경기도,용인시
경기도,용인시
경기도,용인시
경기도,용인시
경기도,용인시
경기도,용인시
경기도,용인시
경기도,용인시
경기도,용인시
경기도,용인시
경기도,용인시
경기도,용인시
경기도,용인시
경기도,용인시
경기도,용인시
경기도,용인시
경기도,용인시
경기도,용인시
경기도,성남시
경기도,용인시
경기도,용인시
경기도,용인시
경기도,용인시
경기도,용인시
경기도,용인시
경기도,용인시
경기도,용인시
경기도,용인시
경기도,용인시
경기도,용인시
경기도,용인시
경기도,용인시
경기도,용인시
경기도,용인시
경기도,용인시
경기도,용인시
경기도,용인시
경기도,용인시
경기도,용인시
경기도,용인시
경기도,용인시
경기도,용인시
경기도,용인시
경기도,용인시
경기도,용인시
경기도,용인시
경기도,용인시
경기도,용인시
경기도,용인시
경기도,용인시
경기도,용인시
경기도,용인시
경기도,용인시
경기도,용인시
경기도,용인시
경기도,용인시
경기도,용인시
경기도,용인시
경기도,용인시
경기도,용인시
경기도,용인시
경기도,용인시
경기도,용인시
경기도,용인시
경기도,용인시
경기도,용인시
경기도,용인시
경기도,용인시
경기도,용인시
경기도,용인시
경기도,용인시
경기도,용인시
경기도,용인시
경기도,용인시
경기도,용인시
경기도,용인시
경기도,용인시
경기도,용인시
경기도,용인시
경기도,용인시
경기도,용인시
경기도,용인시
경기도,용인시
경기도,용인시
경기도,용인시
경기도,용인시
경기도,용인시
경기도,용인시
경기도,용인시
경기도,용인시
경기도,용인시
경기도,용인시
경기도,용인시
경기도,용인시
경기도,용인시
경기도,용인시
경기도,용인시
경기도,용인시
경기도,용인시
경기도,용인시
경기도,용인시
경기도,용인시
경기도,용인시
경기도,용인시
경기도,용인시
경기도,용인시
경기도,용인시
경기도,용인시
경기도,용인시
경기도,용인시
경기도,용인시
경기도,용인시
경기도,용인시
경기도,용인시
경기도,용인시
경기도,용인시
경기도,용인시
경기도,용인시
경기도,용인시
경기도,용인시
경기도,용인시
경기도,용인시
경기도,용인시
경기도,용인시
경기도,용인시
경기도,용인시
경기도,용인시
경기도,광주시
경기도,광주시
경기도,광주시
경기도,광주시
경기도,광주시
경기도,광주시
경기도,광주시
경기도,광주시
경기도,광주시
경기도,광주시
경기도,광주시
경기도,광주시
경기도,광주시
경기도,광주시
경기도,광주시
경기도,광주시
경기도,광주시
경기도,광주시
경기도,광주시
경기도,광주시
경기도,광주시
경기도,광주시
경기도,광주시
경기도,광주시
경기도,광주시
경기도,광주시
경기도,광주시
경기도,광주시
경기도,광주시
경기도,광주시
경기도,광주시
경기도,광주시
경기도,광주시
경기도,광주시
경기도,광주시
경기도,광주시
경기도,광주시
경기도,광주시
경기도,광주시
경기도,광주시
경기도,광주시
경기도,광주시
경기도,광주시
경기도,광주시
경기도,광주시
경기도,광주시
경기도,광주시
경기도,광주시
경기도,광주시
경기도,광주시
경기도,광주시
경기도,광주시
경기도,광주시
경기도,광주시
경기도,광주시
경기도,광주시
경기도,광주시
경기도,광주시
경기도,광주시
경기도,광주시
경기도,광주시
경기도,광주시
경기도,광주시
경기도,광주시
경기도,광주시
경기도,광주시
경기도,광주시
경기도,광주시
경기도,광주시
경기도,광주시
경기도,광주시
경기도,광주시
경기도,광주시
경기도,광주시
경기도,광주시
경기도,광주시
경기도,광주시
경기도,광주시
경기도,광주시
경기도,광주시
경기도,광주시
경기도,광주시
경기도,광주시
경기도,광주시
경기도,광주시
경기도,광주시
경기도,광주시
경기도,광주시
경기도,광주시
경기도,광주시
경기도,광주시
경기도,광주시
경기도,광주시
경기도,광주시
경기도,광주시
경기도,광주시
경기도,광주시
경기도,광주시
경기도,광주시
경기도,광주시
경기도,광주시
경기도,광주시
경기도,광주시
경기도,광주시
경기도,광주시
경기도,광주시
경기도,광주시
경기도,광주시
경기도,광주시
경기도,광주시
경기도,광주시
경기도,광주시
경기도,광주시
경기도,광주시
경기도,광주시
경기도,광주시
경기도,광주시
경기도,광주시
경기도,광주시
경기도,광주시
경기도,광주시
경기도,광주시
경기도,광주시
경기도,광주시
경기도,광주시
경기도,광주시
경기도,광주시
경기도,광주시
경기도,광주시
경기도,광주시
경기도,광주시
경기도,광주시
경기도,광주시
경기도,광주시
경기도,광주시
경기도,광주시
경기도,광주시
경기도,광주시
경기도,광주시
경기도,광주시
경기도,광주시
경기도,광주시
경기도,광주시
경기도,광주시
경기도,광주시
경기도,광주시
경기도,광주시
경기도,광주시
경기도,광주시
경기도,광주시
경기도,광주시
경기도,광주시
경기도,광주시
경기도,광주시
경기도,광주시
경기도,광주시
경기도,광주시
경기도,광주시
경기도,광주시
경기도,광주시
경기도,광주시
경기도,광주시
경기도,광주시
경기도,광주시
경기도,광주시
경기도,광주시
경기도,광주시
경기도,광주시
경기도,광주시
경기도,광주시
경기도,광주시
경기도,광주시
경기도,광주시
경기도,광주시
경기도,광주시
경기도,광주시
경기도,광주시
경기도,광주시
경기도,광주시
경기도,광주시
경기도,광주시
경기도,광주시
경기도,광주시
경기도,광주시
경기도,광주시
경기도,광주시
경기도,광주시
경기도,광주시
경기도,광주시
경기도,광주시
경기도,광주시
경기도,광주시
경기도,광주시
경기도,광주시
경기도,광주시
경기도,광주시
경기도,광주시
경기도,광주시
경기도,광주시
경기도,광주시
경기도,광주시
경기도,광주시
경기도,광주시
경기도,광주시
경기도,광주시
경기도,광주시
경기도,광주시
경기도,광주시
경기도,광주시
경기도,광주시
경기도,광주시
경기도,광주시
경기도,광주시
경기도,광주시
경기도,광주시
경기도,광주시
경기도,광주시
경기도,광주시
경기도,광주시
경기도,광주시
경기도,광주시
경기도,광주시
경기도,광주시
경기도,광주시
경기도,광주시
경기도,광주시
경기도,광주시
경기도,광주시
경기도,광주시
경기도,광주시
경기도,광주시
경기도,광주시
경기도,광주시
경기도,광주시
경기도,광주시
경기도,광주시
경기도,광주시
경기도,광주시
경기도,광주시
경기도,광주시
경기도,광주시
경기도,광주시
경기도,광주시
경기도,광주시
경기도,광주시
경기도,광주시
경기도,광주시
경기도,광주시
경기도,광주시
경기도,광주시
경기도,광주시
경기도,광주시
경기도,광주시
경기도,광주시
경기도,광주시
경기도,광주시
경기도,광주시
경기도,광주시
경기도,광주시
경기도,광주시
경기도,광주시
경기도,광주시
경기도,광주시
경기도,광주시
경기도,광주시
경기도,광주시
경기도,광주시
경기도,광주시
경기도,광주시
경기도,광주시
경기도,광주시
경기도,광주시
경기도,성남시
경기도,용인시
경기도,광주시
경기도,여주시
경기도,광주시
경기도,광주시
경기도,광주시
경기도,광주시
경기도,양평군
경기도,광주시
경기도,광주시
경기도,광주시
경기도,광주시
경기도,광주시
경기도,광주시
경기도,광주시
경기도,광주시
경기도,광주시
경기도,광주시
경기도,광주시
경기도,광주시
경기도,광주시
경기도,광주시
경기도,광주시
경기도,광주시
경기도,광주시
경기도,광주시
경기도,광주시
경기도,광주시
경기도,광주시
경기도,광주시
경기도,광주시
경기도,광주시
경기도,광주시
경기도,광주시
경기도,광주시
경기도,광주시
경기도,광주시
경기도,광주시
경기도,광주시
경기도,광주시
경기도,광주시
경기도,광주시
경기도,광주시
경기도,광주시
경기도,광주시
경기도,광주시
경기도,광주시
경기도,광주시
경기도,광주시
경기도,광주시
경기도,광주시
경기도,광주시
경기도,광주시
경기도,광주시
경기도,광주시
경기도,광주시
경기도,광주시
경기도,광주시
경기도,광주시
경기도,광주시
경기도,광주시
경기도,광주시
경기도,광주시
경기도,광주시
경기도,광주시
경기도,광주시
경기도,광주시
경기도,광주시
경기도,광주시
경기도,광주시
경기도,광주시
경기도,광주시
경기도,광주시
경기도,광주시
경기도,광주시
경기도,광주시
경기도,광주시
경기도,광주시
경기도,광주시
경기도,광주시
경기도,광주시
경기도,광주시
경기도,광주시
경기도,광주시
경기도,광주시
경기도,용인시
경기도,용인시
경기도,용인시
경기도,용인시
경기도,용인시
경기도,용인시
경기도,용인시
경기도,용인시
경기도,용인시
경기도,용인시
경기도,용인시
경기도,용인시
경기도,용인시
경기도,용인시
경기도,용인시
경기도,용인시
경기도,용인시
경기도,용인시
경기도,용인시
경기도,용인시
경기도,용인시
경기도,용인시
경기도,용인시
경기도,용인시
경기도,용인시
경기도,용인시
경기도,용인시
경기도,용인시
경기도,용인시
경기도,용인시
경기도,용인시
경기도,용인시
경기도,용인시
경기도,용인시
경기도,용인시
경기도,용인시
경기도,용인시
경기도,용인시
경기도,용인시
경기도,용인시
경기도,용인시
경기도,용인시
경기도,수원시
경기도,용인시
경기도,용인시
경기도,용인시
경기도,용인시
경기도,용인시
경기도,용인시
경기도,용인시
경기도,용인시
경기도,용인시
경기도,용인시
경기도,용인시
경기도,용인시
경기도,용인시
경기도,용인시
경기도,용인시
경기도,용인시
경기도,용인시
경기도,용인시
경기도,용인시
경기도,용인시
경기도,용인시
경기도,용인시
경기도,용인시
경기도,용인시
경기도,용인시
경기도,용인시
경기도,용인시
경기도,용인시
경기도,용인시
경기도,용인시
경기도,용인시
경기도,용인시
경기도,용인시
경기도,용인시
경기도,용인시
경기도,용인시
경기도,용인시
경기도,용인시
경기도,용인시
경기도,용인시
경기도,용인시
경기도,용인시
경기도,용인시
경기도,용인시
경기도,용인시
경기도,용인시
경기도,용인시
경기도,용인시
경기도,용인시
경기도,용인시
경기도,용인시
경기도,용인시
경기도,용인시
경기도,용인시
경기도,용인시
경기도,용인시
경기도,용인시
경기도,용인시
경기도,용인시
경기도,용인시
경기도,용인시
경기도,용인시
경기도,용인시
경기도,용인시
경기도,용인시
경기도,용인시
경기도,용인시
경기도,용인시
경기도,용인시
경기도,용인시
경기도,용인시
경기도,용인시
경기도,용인시
경기도,용인시
경기도,용인시
경기도,용인시
경기도,용인시
경기도,용인시
경기도,용인시
경기도,용인시
경기도,용인시
경기도,용인시
경기도,용인시
경기도,용인시
경기도,용인시
경기도,용인시
경기도,용인시
경기도,용인시
경기도,용인시
경기도,용인시
경기도,용인시
경기도,용인시
경기도,용인시
경기도,용인시
경기도,용인시
경기도,용인시
경기도,용인시
경기도,용인시
경기도,용인시
경기도,용인시
경기도,용인시
경기도,용인시
경기도,용인시
경기도,용인시
경기도,용인시
경기도,용인시
경기도,용인시
경기도,용인시
경기도,용인시
경기도,용인시
경기도,용인시
경기도,용인시
경기도,용인시
경기도,용인시
경기도,용인시
경기도,용인시
경기도,용인시
경기도,용인시
경기도,용인시
경기도,용인시
경기도,용인시
경기도,용인시
경기도,용인시
경기도,용인시
경기도,용인시
경기도,용인시
경기도,수원시
경기도,용인시
경기도,용인시
경기도,용인시
경기도,용인시
경기도,용인시
경기도,용인시
경기도,용인시
경기도,용인시
경기도,용인시
경기도,용인시
경기도,용인시
경기도,용인시
경기도,용인시
경기도,용인시
경기도,용인시
경기도,용인시
